generation,college_accuracy,college_lottery,college_mrr,college_ndcg,noncollege_accuracy,noncollege_lottery,noncollege_mrr,noncollege_ndcg
1,0.0285714285714285,0.3571428571428571,0.4273356009070294,0.0,0.0,0.1857142857142857,0.2146825396825396,0.0
2,0.0285714285714285,0.3714285714285714,0.3005269928484214,0.0,0.0,0.1857142857142857,0.2146825396825396,0.0
3,0.0285714285714285,0.3571428571428571,0.2711213151927437,0.0,0.0,0.1857142857142857,0.2146825396825396,0.0
4,0.0285714285714285,0.3714285714285714,0.2988328536542822,0.0,0.0,0.1857142857142857,0.2146825396825396,0.0
5,0.0285714285714285,0.3714285714285714,0.3143990929705215,0.0,0.0,0.1857142857142857,0.2146825396825396,0.0
6,0.0285714285714285,0.3428571428571428,0.2981160241874527,0.0,0.0,0.1857142857142857,0.2146825396825396,0.0
7,0.0285714285714285,0.3714285714285714,0.2717271352985638,0.0,0.0,0.1857142857142857,0.2146825396825396,0.0
8,0.0428571428571428,0.3857142857142857,0.3264030612244898,0.0,0.0,0.1857142857142857,0.2146825396825396,0.0
9,0.0285714285714285,0.3428571428571428,0.3345914006628292,0.0,0.0,0.1857142857142857,0.2146825396825396,0.0
10,0.0285714285714285,0.3428571428571428,0.2378929602143888,0.0,0.0,0.1857142857142857,0.2146825396825396,0.0
11,0.0285714285714285,0.3857142857142857,0.309343537414966,0.0,0.0,0.1857142857142857,0.2146825396825396,0.0
12,0.0285714285714285,0.3571428571428571,0.3243197278911564,0.0,0.0,0.1857142857142857,0.2146825396825396,0.0
13,0.0142857142857142,0.3571428571428571,0.2416213151927437,0.0,0.0,0.1857142857142857,0.2146825396825396,0.0
14,0.0285714285714285,0.3857142857142857,0.2901927437641723,0.0,0.0,0.1857142857142857,0.2146825396825396,0.0
15,0.0285714285714285,0.3285714285714285,0.3584731670445956,0.0,0.0,0.1857142857142857,0.2146825396825396,0.0
16,0.0285714285714285,0.3285714285714285,0.2418395691609977,0.0,0.0,0.1857142857142857,0.2146825396825396,0.0
17,0.0285714285714285,0.3714285714285714,0.263898852470281,0.0,0.0,0.1857142857142857,0.2146825396825396,0.0
18,0.0285714285714285,0.3571428571428571,0.2670975056689342,0.0,0.0,0.1857142857142857,0.2146825396825396,0.0
19,0.0285714285714285,0.3857142857142857,0.2410405071119356,0.0,0.0,0.1857142857142857,0.2146825396825396,0.0
20,0.0285714285714285,0.3285714285714285,0.2817495203209489,0.0,0.0,0.1857142857142857,0.2146825396825396,0.0
21,0.0285714285714285,0.3857142857142857,0.2825604686318971,0.0,0.0,0.1857142857142857,0.2146825396825396,0.0
22,0.0285714285714285,0.3857142857142857,0.2939824263038549,0.0,0.0,0.1857142857142857,0.2146825396825396,0.0
23,0.0428571428571428,0.3285714285714285,0.2989824263038548,0.0,0.0,0.1857142857142857,0.2146825396825396,0.0
24,0.0285714285714285,0.3142857142857143,0.2691213151927438,0.0,0.0,0.1857142857142857,0.2146825396825396,0.0
25,0.0285714285714285,0.3571428571428571,0.3288435374149659,0.0,0.0,0.1857142857142857,0.2146825396825396,0.0
26,0.0285714285714285,0.3428571428571428,0.3072040657754943,0.0,0.0,0.1857142857142857,0.2146825396825396,0.0
27,0.0142857142857142,0.3571428571428571,0.2799678760393046,0.0,0.0,0.1857142857142857,0.2146825396825396,0.0
28,0.0285714285714285,0.4,0.302939996511425,0.0,0.0,0.1857142857142857,0.2146825396825396,0.0
29,0.0428571428571428,0.3857142857142857,0.3226530612244898,0.0,0.0,0.1857142857142857,0.2146825396825396,0.0
30,0.0285714285714285,0.3571428571428571,0.2576744287458573,0.0,0.0,0.1857142857142857,0.2146825396825396,0.0
31,0.0285714285714285,0.3428571428571428,0.3497826908541194,0.0,0.0,0.1857142857142857,0.2146825396825396,0.0
32,0.0285714285714285,0.3571428571428571,0.2317151102865388,0.0,0.0,0.1857142857142857,0.2146825396825396,0.0
33,0.0285714285714285,0.3285714285714285,0.3482879818594104,0.0,0.0,0.1857142857142857,0.2146825396825396,0.0
34,0.0285714285714285,0.3285714285714285,0.2516213151927438,0.0,0.0,0.1857142857142857,0.2146825396825396,0.0
35,0.0285714285714285,0.3285714285714285,0.2418395691609977,0.0,0.0,0.1857142857142857,0.2146825396825396,0.0
36,0.0428571428571428,0.3714285714285714,0.362157029478458,0.0,0.0,0.1857142857142857,0.2146825396825396,0.0
37,0.0285714285714285,0.3714285714285714,0.2886817547531833,0.0,0.0,0.1857142857142857,0.2146825396825396,0.0
38,0.0428571428571428,0.3714285714285714,0.3601530612244897,0.0,0.0,0.1857142857142857,0.2146825396825396,0.0
39,0.0428571428571428,0.3714285714285714,0.3206478442192728,0.0,0.0,0.1857142857142857,0.2146825396825396,0.0
40,0.0285714285714285,0.3571428571428571,0.2802324263038548,0.0,0.0,0.1857142857142857,0.2146825396825396,0.0
41,0.0285714285714285,0.3142857142857143,0.2403713151927437,0.0,0.0,0.1857142857142857,0.2146825396825396,0.0
42,0.0285714285714285,0.3714285714285714,0.26916761148904,0.0,0.0,0.1857142857142857,0.2146825396825396,0.0
43,0.0285714285714285,0.3571428571428571,0.2873620559334845,0.0,0.0,0.1857142857142857,0.2146825396825396,0.0
44,0.0285714285714285,0.3142857142857142,0.3533144368858655,0.0,0.0,0.1857142857142857,0.2146825396825396,0.0
45,0.0285714285714285,0.3857142857142857,0.2795354566068851,0.0,0.0,0.1857142857142857,0.2146825396825396,0.0
46,0.0285714285714285,0.3428571428571428,0.3223620559334845,0.0,0.0,0.1857142857142857,0.2146825396825396,0.0
47,0.0285714285714285,0.3285714285714285,0.2929399965114251,0.0,0.0,0.1857142857142857,0.2146825396825396,0.0
48,0.0428571428571428,0.3714285714285714,0.3441213151927437,0.0,0.0,0.1857142857142857,0.2146825396825396,0.0
49,0.0285714285714285,0.3714285714285714,0.296624876446305,0.0,0.0,0.1857142857142857,0.2146825396825396,0.0
50,0.0428571428571428,0.3714285714285714,0.3493197278911564,0.0,0.0,0.1857142857142857,0.2146825396825396,0.0
51,0.0285714285714285,0.3571428571428571,0.2907879818594104,0.0,0.0,0.1857142857142857,0.2146825396825396,0.0
52,0.0285714285714285,0.3714285714285714,0.2621780732495017,0.0,0.0,0.1857142857142857,0.2146825396825396,0.0
53,0.0285714285714285,0.3142857142857143,0.418922902494331,0.0,0.0,0.1857142857142857,0.2146825396825396,0.0
54,0.0285714285714285,0.3571428571428571,0.2752919501133786,0.0,0.0,0.1857142857142857,0.2146825396825396,0.0
55,0.0285714285714285,0.3571428571428571,0.271394042465471,0.0,0.0,0.1857142857142857,0.2146825396825396,0.0
56,0.0285714285714285,0.3714285714285714,0.2538865499579785,0.0,0.0,0.1857142857142857,0.2146825396825396,0.0
57,0.0285714285714285,0.3285714285714285,0.3272165532879818,0.0,0.0,0.1857142857142857,0.2146825396825396,0.0
58,0.0285714285714285,0.3714285714285714,0.2861420722135007,0.0,0.0,0.1857142857142857,0.2146825396825396,0.0
59,0.0285714285714285,0.3571428571428571,0.2631506192220477,0.0,0.0,0.1857142857142857,0.2146825396825396,0.0
60,0.0285714285714285,0.3285714285714285,0.3111807372521659,0.0,0.0,0.1857142857142857,0.2146825396825396,0.0
61,0.0285714285714285,0.3285714285714285,0.2895868219082504,0.0,0.0,0.1857142857142857,0.2146825396825396,0.0
62,0.0285714285714285,0.3714285714285714,0.2785825484039769,0.0,0.0,0.1857142857142857,0.2146825396825396,0.0
63,0.0428571428571428,0.3714285714285714,0.3374546485260771,0.0,0.0,0.1857142857142857,0.2146825396825396,0.0
64,0.0285714285714285,0.3714285714285714,0.3045181405895691,0.0,0.0,0.1857142857142857,0.2146825396825396,0.0
65,0.0142857142857142,0.3285714285714285,0.2046263656977943,0.0,0.0,0.1857142857142857,0.2146825396825396,0.0
66,0.0285714285714285,0.3428571428571428,0.3111054421768707,0.0,0.0,0.1857142857142857,0.2146825396825396,0.0
67,0.0285714285714285,0.3571428571428571,0.2941579452293738,0.0,0.0,0.1857142857142857,0.2146825396825396,0.0
68,0.0285714285714285,0.3428571428571428,0.3045049130763416,0.0,0.0,0.1857142857142857,0.2146825396825396,0.0
69,0.0285714285714285,0.3714285714285714,0.2594640280354566,0.0,0.0,0.1857142857142857,0.2146825396825396,0.0
70,0.0285714285714285,0.3857142857142857,0.2716120559334845,0.0,0.0,0.1857142857142857,0.2146825396825396,0.0
71,0.0285714285714285,0.3571428571428571,0.2845363168577454,0.0,0.0,0.1857142857142857,0.2146825396825396,0.0
72,0.0285714285714285,0.3428571428571428,0.244936333507762,0.0,0.0,0.1857142857142857,0.2146825396825396,0.0
73,0.0428571428571428,0.3714285714285714,0.3467251002965288,0.0,0.0,0.1857142857142857,0.2146825396825396,0.0
74,0.0285714285714285,0.4285714285714285,0.2802379208093494,0.0,0.0,0.1857142857142857,0.2146825396825396,0.0
75,0.0285714285714285,0.3571428571428571,0.312642377463806,0.0,0.0,0.1857142857142857,0.2146825396825396,0.0
76,0.0285714285714285,0.3571428571428571,0.3232284580498866,0.0,0.0,0.1857142857142857,0.2146825396825396,0.0
77,0.0285714285714285,0.3714285714285714,0.3430697278911564,0.0,0.0,0.1857142857142857,0.2146825396825396,0.0
78,0.0428571428571428,0.3714285714285714,0.3165114250828537,0.0,0.0,0.1857142857142857,0.2146825396825396,0.0
79,0.0285714285714285,0.3571428571428571,0.3231398337112623,0.0,0.0,0.1857142857142857,0.2146825396825396,0.0
80,0.0285714285714285,0.3714285714285714,0.2728977702191988,0.0,0.0,0.1857142857142857,0.2146825396825396,0.0
81,0.0428571428571428,0.3714285714285714,0.3326318972033258,0.0,0.0,0.1857142857142857,0.2146825396825396,0.0
82,0.0285714285714285,0.3428571428571428,0.3093685679399965,0.0,0.0,0.1857142857142857,0.2146825396825396,0.0
83,0.0285714285714285,0.3285714285714285,0.2418395691609977,0.0,0.0,0.1857142857142857,0.2146825396825396,0.0
84,0.0285714285714285,0.3571428571428571,0.326588246409675,0.0,0.0,0.1857142857142857,0.2146825396825396,0.0
85,0.0285714285714285,0.3428571428571428,0.3565617913832199,0.0,0.0,0.1857142857142857,0.2146825396825396,0.0
86,0.0285714285714285,0.3857142857142857,0.3076266061980347,0.0,0.0,0.1857142857142857,0.2146825396825396,0.0
87,0.0285714285714285,0.3285714285714285,0.4005102040816326,0.0,0.0,0.1857142857142857,0.2146825396825396,0.0
88,0.0285714285714285,0.3571428571428571,0.2881768707482993,0.0,0.0,0.1857142857142857,0.2146825396825396,0.0
89,0.0285714285714285,0.3285714285714285,0.31791761148904,0.0,0.0,0.1857142857142857,0.2146825396825396,0.0
90,0.0285714285714285,0.4,0.2925590441304727,0.0,0.0,0.1857142857142857,0.2146825396825396,0.0
91,0.0142857142857142,0.3428571428571428,0.2918990929705215,0.0,0.0,0.1857142857142857,0.2146825396825396,0.0
92,0.0285714285714285,0.3714285714285714,0.2466225176939462,0.0,0.0,0.1857142857142857,0.2146825396825396,0.0
93,0.0285714285714285,0.3428571428571428,0.2697629883344169,0.0,0.0,0.1857142857142857,0.2146825396825396,0.0
94,0.0285714285714285,0.3285714285714285,0.3546636432350718,0.0,0.0,0.1857142857142857,0.2146825396825396,0.0
95,0.0285714285714285,0.3428571428571428,0.3294784580498865,0.0,0.0,0.1857142857142857,0.2146825396825396,0.0
96,0.0285714285714285,0.3999999999999999,0.262867106438535,0.0,0.0,0.1857142857142857,0.2146825396825396,0.0
97,0.0285714285714285,0.3428571428571428,0.3116213151927437,0.0,0.0,0.1857142857142857,0.2146825396825396,0.0
98,0.0285714285714285,0.3428571428571428,0.2931768707482993,0.0,0.0,0.1857142857142857,0.2146825396825396,0.0
99,0.0285714285714285,0.4,0.2670990319204605,0.0,0.0,0.1857142857142857,0.2146825396825396,0.0
100,0.0285714285714285,0.3857142857142857,0.2908990929705215,0.0,0.0,0.1857142857142857,0.2146825396825396,0.0
101,0.0428571428571428,0.3857142857142857,0.3248569684283969,0.0,0.0,0.1857142857142857,0.2146825396825396,0.0
102,0.0285714285714285,0.2857142857142857,0.3932879818594105,0.0,0.0,0.1857142857142857,0.2146825396825396,0.0
103,0.0428571428571428,0.3428571428571428,0.3071768707482993,0.0,0.0,0.1857142857142857,0.2146825396825396,0.0
104,0.0285714285714285,0.3428571428571428,0.2766737627451913,0.0,0.0,0.1857142857142857,0.2146825396825396,0.0
105,0.0285714285714285,0.3714285714285714,0.3384070294784581,0.0,0.0,0.1857142857142857,0.2146825396825396,0.0
106,0.0285714285714285,0.3571428571428571,0.2700763416477702,0.0,0.0,0.1857142857142857,0.2146825396825396,0.0
107,0.0285714285714285,0.3857142857142857,0.3039625850340136,0.0,0.0,0.1857142857142857,0.2146825396825396,0.0
108,0.0285714285714285,0.3428571428571428,0.2926530612244898,0.0,0.0,0.1857142857142857,0.2146825396825396,0.0
109,0.0428571428571428,0.3714285714285714,0.2918410121624407,0.0,0.0,0.1857142857142857,0.2146825396825396,0.0
110,0.0285714285714285,0.3285714285714285,0.2600556586270872,0.0,0.0,0.1857142857142857,0.2146825396825396,0.0
111,0.0285714285714285,0.3428571428571428,0.2857324263038548,0.0,0.0,0.1857142857142857,0.2146825396825396,0.0
112,0.0142857142857142,0.3714285714285714,0.2717223252937538,0.0,0.0,0.1857142857142857,0.2146825396825396,0.0
113,0.0142857142857142,0.3714285714285714,0.2775260770975056,0.0,0.0,0.1857142857142857,0.2146825396825396,0.0
114,0.0285714285714285,0.3857142857142857,0.2685525321239607,0.0,0.0,0.1857142857142857,0.2146825396825396,0.0
115,0.0285714285714285,0.3571428571428571,0.2907442293156578,0.0,0.0,0.1857142857142857,0.2146825396825396,0.0
116,0.0285714285714285,0.3714285714285714,0.2720644368858654,0.0,0.0,0.1857142857142857,0.2146825396825396,0.0
117,0.0285714285714285,0.3571428571428571,0.271394042465471,0.0,0.0,0.1857142857142857,0.2146825396825396,0.0
118,0.0428571428571428,0.3571428571428571,0.3701398337112622,0.0,0.0,0.1857142857142857,0.2146825396825396,0.0
119,0.0285714285714285,0.3428571428571428,0.2683841357055643,0.0,0.0,0.1857142857142857,0.2146825396825396,0.0
120,0.0428571428571428,0.3428571428571428,0.3360181405895691,0.0,0.0,0.1857142857142857,0.2146825396825396,0.0
121,0.0285714285714285,0.3714285714285714,0.2739784580498866,0.0,0.0,0.1857142857142857,0.2146825396825396,0.0
122,0.0142857142857142,0.3285714285714285,0.2775675911390197,0.0,0.0,0.1857142857142857,0.2146825396825396,0.0
123,0.0285714285714285,0.3857142857142857,0.2885031833246119,0.0,0.0,0.1857142857142857,0.2146825396825396,0.0
124,0.0285714285714285,0.3714285714285714,0.2830468341182627,0.0,0.0,0.1857142857142857,0.2146825396825396,0.0
125,0.0285714285714285,0.3428571428571428,0.3530102040816326,0.0,0.0,0.1857142857142857,0.2146825396825396,0.0
126,0.0428571428571428,0.3571428571428571,0.3014481550195836,0.0,0.0,0.1857142857142857,0.2146825396825396,0.0
127,0.0285714285714285,0.3428571428571428,0.2964625850340136,0.0,0.0,0.1857142857142857,0.2146825396825396,0.0
128,0.0285714285714285,0.3571428571428571,0.3298050758765044,0.0,0.0,0.1857142857142857,0.2146825396825396,0.0
129,0.0285714285714285,0.3714285714285714,0.2681213151927438,0.0,0.0,0.1857142857142857,0.2146825396825396,0.0
130,0.0285714285714285,0.3714285714285714,0.2960062358276644,0.0,0.0,0.1857142857142857,0.2146825396825396,0.0
131,0.0285714285714285,0.3428571428571428,0.3466848072562358,0.0,0.0,0.1857142857142857,0.2146825396825396,0.0
132,0.0285714285714285,0.3285714285714285,0.3102548113262399,0.0,0.0,0.1857142857142857,0.2146825396825396,0.0
133,0.0142857142857142,0.3571428571428571,0.2495001030715316,0.0,0.0,0.1857142857142857,0.2146825396825396,0.0
134,0.0285714285714285,0.3571428571428571,0.286806500377929,0.0,0.0,0.1857142857142857,0.2146825396825396,0.0
135,0.0142857142857142,0.3285714285714285,0.1967096990311276,0.0,0.0,0.1857142857142857,0.2146825396825396,0.0
136,0.0285714285714285,0.3571428571428571,0.2611667697381983,0.0,0.0,0.1857142857142857,0.2146825396825396,0.0
137,0.0285714285714285,0.3857142857142857,0.2834268707482993,0.0,0.0,0.1857142857142857,0.2146825396825396,0.0
138,0.0285714285714285,0.3428571428571428,0.3262641723356009,0.0,0.0,0.1857142857142857,0.2146825396825396,0.0
139,0.0285714285714285,0.3428571428571428,0.292869178440607,0.0,0.0,0.1857142857142857,0.2146825396825396,0.0
140,0.0428571428571428,0.3714285714285714,0.3266808390022676,0.0,0.0,0.1857142857142857,0.2146825396825396,0.0
141,0.0285714285714285,0.3714285714285714,0.2968263416477702,0.0,0.0,0.1857142857142857,0.2146825396825396,0.0
142,0.0428571428571428,0.3285714285714285,0.2989824263038548,0.0,0.0,0.1857142857142857,0.2146825396825396,0.0
143,0.0285714285714285,0.3714285714285714,0.2984467120181406,0.0,0.0,0.1857142857142857,0.2146825396825396,0.0
144,0.0285714285714285,0.3285714285714285,0.4157747543461829,0.0,0.0,0.1857142857142857,0.2146825396825396,0.0
145,0.0142857142857142,0.3428571428571428,0.3001768707482993,0.0,0.0,0.1857142857142857,0.2146825396825396,0.0
146,0.0285714285714285,0.3857142857142857,0.2598866609580895,0.0,0.0,0.1857142857142857,0.2146825396825396,0.0
147,0.0285714285714285,0.3714285714285714,0.2817769928484214,0.0,0.0,0.1857142857142857,0.2146825396825396,0.0
148,0.0285714285714285,0.3428571428571428,0.2378929602143888,0.0,0.0,0.1857142857142857,0.2146825396825396,0.0
149,0.0285714285714285,0.3714285714285714,0.3027324263038548,0.0,0.0,0.1857142857142857,0.2146825396825396,0.0
150,0.0285714285714285,0.3714285714285714,0.2736689342403628,0.0,0.0,0.1857142857142857,0.2146825396825396,0.0
151,0.0142857142857142,0.3428571428571428,0.2858475056689342,0.0,0.0,0.1857142857142857,0.2146825396825396,0.0
152,0.0285714285714285,0.3571428571428571,0.3049546485260771,0.0,0.0,0.1857142857142857,0.2146825396825396,0.0
153,0.0285714285714285,0.3714285714285714,0.2751103261817548,0.0,0.0,0.1857142857142857,0.2146825396825396,0.0
154,0.0142857142857142,0.3571428571428571,0.2677324263038548,0.0,0.0,0.1857142857142857,0.2146825396825396,0.0
155,0.0285714285714285,0.3857142857142857,0.28616761148904,0.0,0.0,0.1857142857142857,0.2146825396825396,0.0
156,0.0285714285714285,0.3142857142857143,0.2695379818594104,0.0,0.0,0.1857142857142857,0.2146825396825396,0.0
157,0.0428571428571428,0.3857142857142857,0.321106968428397,0.0,0.0,0.1857142857142857,0.2146825396825396,0.0
158,0.0285714285714285,0.3571428571428571,0.2857324263038548,0.0,0.0,0.1857142857142857,0.2146825396825396,0.0
159,0.0285714285714285,0.3285714285714285,0.3605895691609977,0.0,0.0,0.1857142857142857,0.2146825396825396,0.0
160,0.0285714285714285,0.3571428571428571,0.2273157596371882,0.0,0.0,0.1857142857142857,0.2146825396825396,0.0
161,0.0285714285714285,0.3428571428571428,0.2152021232735518,0.0,0.0,0.1857142857142857,0.2146825396825396,0.0
162,0.0285714285714285,0.3571428571428571,0.3243197278911564,0.0,0.0,0.1857142857142857,0.2146825396825396,0.0
163,0.0285714285714285,0.3428571428571428,0.2860657596371882,0.0,0.0,0.1857142857142857,0.2146825396825396,0.0
164,0.0285714285714285,0.3285714285714285,0.2946407957122243,0.0,0.0,0.1857142857142857,0.2146825396825396,0.0
165,0.0285714285714285,0.3142857142857143,0.2446768707482993,0.0,0.0,0.1857142857142857,0.2146825396825396,0.0
166,0.0285714285714285,0.3571428571428571,0.3420975056689342,0.0,0.0,0.1857142857142857,0.2146825396825396,0.0
167,0.0285714285714285,0.3428571428571428,0.2593990929705215,0.0,0.0,0.1857142857142857,0.2146825396825396,0.0
168,0.0142857142857142,0.3428571428571428,0.2004723252937538,0.0,0.0,0.1857142857142857,0.2146825396825396,0.0
169,0.0285714285714285,0.3571428571428571,0.2899912785627071,0.0,0.0,0.1857142857142857,0.2146825396825396,0.0
170,0.0428571428571428,0.3714285714285714,0.3405102040816327,0.0,0.0,0.1857142857142857,0.2146825396825396,0.0
171,0.0142857142857142,0.3142857142857142,0.2368485879200164,0.0,0.0,0.1857142857142857,0.2146825396825396,0.0
172,0.0428571428571428,0.3714285714285714,0.3289030612244897,0.0,0.0,0.1857142857142857,0.2146825396825396,0.0
173,0.0428571428571428,0.3714285714285714,0.3070325706039992,0.0,0.0,0.1857142857142857,0.2146825396825396,0.0
174,0.0428571428571428,0.3857142857142857,0.3248569684283969,0.0,0.0,0.1857142857142857,0.2146825396825396,0.0
175,0.0428571428571428,0.3571428571428571,0.3184283969998255,0.0,0.0,0.1857142857142857,0.2146825396825396,0.0
176,0.0428571428571428,0.3714285714285714,0.3409711320425606,0.0,0.0,0.1857142857142857,0.2146825396825396,0.0
177,0.0285714285714285,0.3428571428571428,0.2751993575207861,0.0,0.0,0.1857142857142857,0.2146825396825396,0.0
178,0.0428571428571428,0.3571428571428571,0.3214467120181405,0.0,0.0,0.1857142857142857,0.2146825396825396,0.0
179,0.0285714285714285,0.3714285714285714,0.2889030612244898,0.0,0.0,0.1857142857142857,0.2146825396825396,0.0
180,0.0428571428571428,0.3571428571428571,0.3483475056689342,0.0,0.0,0.1857142857142857,0.2146825396825396,0.0
181,0.0285714285714285,0.3142857142857143,0.3149546485260771,0.0,0.0,0.1857142857142857,0.2146825396825396,0.0
182,0.0285714285714285,0.3428571428571428,0.2378929602143888,0.0,0.0,0.1857142857142857,0.2146825396825396,0.0
183,0.0428571428571428,0.3714285714285714,0.347915576487005,0.0,0.0,0.1857142857142857,0.2146825396825396,0.0
184,0.0285714285714285,0.3571428571428571,0.3051886737601023,0.0,0.0,0.1857142857142857,0.2146825396825396,0.0
185,0.0285714285714285,0.3857142857142857,0.269911913483342,0.0,0.0,0.1857142857142857,0.2146825396825396,0.0
186,0.0428571428571428,0.3571428571428571,0.3557141112855398,0.0,0.0,0.1857142857142857,0.2146825396825396,0.0
187,0.0285714285714285,0.3428571428571428,0.2527324263038549,0.0,0.0,0.1857142857142857,0.2146825396825396,0.0
188,0.0428571428571428,0.3714285714285714,0.3287641723356009,0.0,0.0,0.1857142857142857,0.2146825396825396,0.0
189,0.0285714285714285,0.3285714285714285,0.3263959849674135,0.0,0.0,0.1857142857142857,0.2146825396825396,0.0
190,0.0285714285714285,0.3428571428571428,0.4106689342403628,0.0,0.0,0.1857142857142857,0.2146825396825396,0.0
191,0.0428571428571428,0.3714285714285714,0.3358144368858655,0.0,0.0,0.1857142857142857,0.2146825396825396,0.0
192,0.0428571428571428,0.3857142857142857,0.3214030612244898,0.0,0.0,0.1857142857142857,0.2146825396825396,0.0
193,0.0285714285714285,0.3571428571428571,0.3193197278911565,0.0,0.0,0.1857142857142857,0.2146825396825396,0.0
194,0.0285714285714285,0.3571428571428571,0.3062641723356009,0.0,0.0,0.1857142857142857,0.2146825396825396,0.0
195,0.0428571428571428,0.3857142857142857,0.3322959183673469,0.0,0.0,0.1857142857142857,0.2146825396825396,0.0
196,0.0285714285714285,0.3428571428571428,0.3565617913832199,0.0,0.0,0.1857142857142857,0.2146825396825396,0.0
197,0.0285714285714285,0.3571428571428571,0.2571465677179963,0.0,0.0,0.1857142857142857,0.2146825396825396,0.0
198,0.0285714285714285,0.3857142857142857,0.2820287226001511,0.0,0.0,0.1857142857142857,0.2146825396825396,0.0
199,0.0285714285714285,0.3714285714285714,0.309806500377929,0.0,0.0,0.1857142857142857,0.2146825396825396,0.0
200,0.0285714285714285,0.3428571428571428,0.2600309611023896,0.0,0.0,0.1857142857142857,0.2146825396825396,0.0
201,0.0285714285714285,0.3428571428571428,0.3956213151927438,0.0,0.0,0.1857142857142857,0.2146825396825396,0.0
202,0.0285714285714285,0.3142857142857142,0.3864625850340136,0.0,0.0,0.1857142857142857,0.2146825396825396,0.0
203,0.0428571428571428,0.3571428571428571,0.3177690563404849,0.0,0.0,0.1857142857142857,0.2146825396825396,0.0
204,0.0428571428571428,0.3714285714285714,0.3514030612244898,0.0,0.0,0.1857142857142857,0.2146825396825396,0.0
205,0.0285714285714285,0.3571428571428571,0.2853050758765044,0.0,0.0,0.1857142857142857,0.2146825396825396,0.0
206,0.0285714285714285,0.3428571428571428,0.2935102040816326,0.0,0.0,0.1857142857142857,0.2146825396825396,0.0
207,0.0285714285714285,0.3714285714285714,0.2920975056689342,0.0,0.0,0.1857142857142857,0.2146825396825396,0.0
208,0.0428571428571428,0.3285714285714285,0.3587641723356009,0.0,0.0,0.1857142857142857,0.2146825396825396,0.0
209,0.0285714285714285,0.3571428571428571,0.2851266061980347,0.0,0.0,0.1857142857142857,0.2146825396825396,0.0
210,0.0285714285714285,0.3571428571428571,0.2771768707482993,0.0,0.0,0.1857142857142857,0.2146825396825396,0.0
211,0.0285714285714285,0.3714285714285714,0.3062509448223734,0.0,0.0,0.1857142857142857,0.2146825396825396,0.0
212,0.0428571428571428,0.3857142857142857,0.3226530612244898,0.0,0.0,0.1857142857142857,0.2146825396825396,0.0
213,0.0285714285714285,0.3714285714285714,0.3173620559334845,0.0,0.0,0.1857142857142857,0.2146825396825396,0.0
214,0.0285714285714285,0.3571428571428571,0.3306689342403628,0.0,0.0,0.1857142857142857,0.2146825396825396,0.0
215,0.0285714285714285,0.3714285714285714,0.2265480551194836,0.0,0.0,0.1857142857142857,0.2146825396825396,0.0
216,0.0285714285714285,0.3571428571428571,0.2675073180787466,0.0,0.0,0.1857142857142857,0.2146825396825396,0.0
217,0.0285714285714285,0.4,0.2764784580498866,0.0,0.0,0.1857142857142857,0.2146825396825396,0.0
218,0.0142857142857142,0.3571428571428571,0.2451530612244898,0.0,0.0,0.1857142857142857,0.2146825396825396,0.0
219,0.0285714285714285,0.3571428571428571,0.2625001030715316,0.0,0.0,0.1857142857142857,0.2146825396825396,0.0
220,0.0428571428571428,0.3714285714285714,0.3405081690795976,0.0,0.0,0.1857142857142857,0.2146825396825396,0.0
221,0.0285714285714285,0.3857142857142857,0.3040022675736961,0.0,0.0,0.1857142857142857,0.2146825396825396,0.0
222,0.0285714285714285,0.3428571428571428,0.2474167697381983,0.0,0.0,0.1857142857142857,0.2146825396825396,0.0
223,0.0285714285714285,0.3714285714285714,0.372593537414966,0.0,0.0,0.1857142857142857,0.2146825396825396,0.0
224,0.0285714285714285,0.3571428571428571,0.3056768707482993,0.0,0.0,0.1857142857142857,0.2146825396825396,0.0
225,0.0142857142857142,0.3285714285714285,0.2657284580498866,0.0,0.0,0.1857142857142857,0.2146825396825396,0.0
226,0.0142857142857142,0.3285714285714285,0.2317096990311276,0.0,0.0,0.1857142857142857,0.2146825396825396,0.0
227,0.0142857142857142,0.3285714285714285,0.2092096990311276,0.0,0.0,0.1857142857142857,0.2146825396825396,0.0
228,0.0285714285714285,0.3285714285714285,0.2668395691609977,0.0,0.0,0.1857142857142857,0.2146825396825396,0.0
229,0.0285714285714285,0.3571428571428571,0.2940727526441812,0.0,0.0,0.1857142857142857,0.2146825396825396,0.0
230,0.0428571428571428,0.3571428571428571,0.3164793738008024,0.0,0.0,0.1857142857142857,0.2146825396825396,0.0
231,0.0285714285714285,0.4,0.2860975056689342,0.0,0.0,0.1857142857142857,0.2146825396825396,0.0
232,0.0285714285714285,0.3857142857142857,0.3242879818594104,0.0,0.0,0.1857142857142857,0.2146825396825396,0.0
233,0.0285714285714285,0.3714285714285714,0.3252324263038548,0.0,0.0,0.1857142857142857,0.2146825396825396,0.0
234,0.0285714285714285,0.3571428571428571,0.2948951247165533,0.0,0.0,0.1857142857142857,0.2146825396825396,0.0
235,0.0285714285714285,0.4,0.2681451247165533,0.0,0.0,0.1857142857142857,0.2146825396825396,0.0
236,0.0285714285714285,0.3571428571428571,0.293875283446712,0.0,0.0,0.1857142857142857,0.2146825396825396,0.0
237,0.0285714285714285,0.3714285714285714,0.2976698499912785,0.0,0.0,0.1857142857142857,0.2146825396825396,0.0
238,0.0142857142857142,0.3285714285714285,0.403843537414966,0.0,0.0,0.1857142857142857,0.2146825396825396,0.0
239,0.0285714285714285,0.3714285714285714,0.2893197278911564,0.0,0.0,0.1857142857142857,0.2146825396825396,0.0
240,0.0142857142857142,0.2999999999999999,0.3482879818594104,0.0,0.0,0.1857142857142857,0.2146825396825396,0.0
241,0.0285714285714285,0.3714285714285714,0.2988713151927437,0.0,0.0,0.1857142857142857,0.2146825396825396,0.0
242,0.0285714285714285,0.3428571428571428,0.3011420722135007,0.0,0.0,0.1857142857142857,0.2146825396825396,0.0
243,0.0285714285714285,0.3571428571428571,0.2903115508829794,0.0,0.0,0.1857142857142857,0.2146825396825396,0.0
244,0.0142857142857142,0.3714285714285714,0.2380763416477702,0.0,0.0,0.1857142857142857,0.2146825396825396,0.0
245,0.0285714285714285,0.3571428571428571,0.3307800453514739,0.0,0.0,0.1857142857142857,0.2146825396825396,0.0
246,0.0285714285714285,0.3714285714285714,0.305891156462585,0.0,0.0,0.1857142857142857,0.2146825396825396,0.0
247,0.0428571428571428,0.3714285714285714,0.3141381039595325,0.0,0.0,0.1857142857142857,0.2146825396825396,0.0
248,0.0285714285714285,0.3857142857142857,0.3062879818594104,0.0,0.0,0.1857142857142857,0.2146825396825396,0.0
249,0.0285714285714285,0.3571428571428571,0.3147257107971394,0.0,0.0,0.1857142857142857,0.2146825396825396,0.0
250,0.0285714285714285,0.3428571428571428,0.3347959183673469,0.0,0.0,0.1857142857142857,0.2146825396825396,0.0
251,0.0285714285714285,0.3714285714285714,0.2668410121624407,0.0,0.0,0.1857142857142857,0.2146825396825396,0.0
252,0.0285714285714285,0.3142857142857143,0.4105895691609976,0.0,0.0,0.1857142857142857,0.2146825396825396,0.0
253,0.0285714285714285,0.3714285714285714,0.2875593493807779,0.0,0.0,0.1857142857142857,0.2146825396825396,0.0
254,0.0428571428571428,0.3714285714285714,0.3493197278911564,0.0,0.0,0.1857142857142857,0.2146825396825396,0.0
255,0.0428571428571428,0.3857142857142857,0.3172959183673469,0.0,0.0,0.1857142857142857,0.2146825396825396,0.0
256,0.0285714285714285,0.3714285714285714,0.2755269928484214,0.0,0.0,0.1857142857142857,0.2146825396825396,0.0
257,0.0285714285714285,0.3714285714285714,0.2548673469387755,0.0,0.0,0.1857142857142857,0.2146825396825396,0.0
258,0.0285714285714285,0.3571428571428571,0.4037021232735518,0.0,0.0,0.1857142857142857,0.2146825396825396,0.0
259,0.0285714285714285,0.3714285714285714,0.2840287226001512,0.0,0.0,0.1857142857142857,0.2146825396825396,0.0
260,0.0142857142857142,0.3428571428571428,0.2374811035525321,0.0,0.0,0.1857142857142857,0.2146825396825396,0.0
261,0.0285714285714285,0.3714285714285714,0.2568065003779289,0.0,0.0,0.1857142857142857,0.2146825396825396,0.0
262,0.0142857142857142,0.3714285714285714,0.2595975056689342,0.0,0.0,0.1857142857142857,0.2146825396825396,0.0
263,0.0142857142857142,0.3857142857142857,0.2633673469387755,0.0,0.0,0.1857142857142857,0.2146825396825396,0.0
264,0.0428571428571428,0.3857142857142857,0.3214030612244898,0.0,0.0,0.1857142857142857,0.2146825396825396,0.0
265,0.0285714285714285,0.3571428571428571,0.2976103261817547,0.0,0.0,0.1857142857142857,0.2146825396825396,0.0
266,0.0285714285714285,0.3857142857142857,0.2822614250828536,0.0,0.0,0.1857142857142857,0.2146825396825396,0.0
267,0.0428571428571428,0.4142857142857142,0.3022560045774332,0.0,0.0,0.1857142857142857,0.2146825396825396,0.0
268,0.0285714285714285,0.3857142857142857,0.3000141723356009,0.0,0.0,0.1857142857142857,0.2146825396825396,0.0
269,0.0285714285714285,0.3857142857142857,0.3168435374149659,0.0,0.0,0.1857142857142857,0.2146825396825396,0.0
270,0.0285714285714285,0.4,0.2821896912611198,0.0,0.0,0.1857142857142857,0.2146825396825396,0.0
271,0.0428571428571428,0.3857142857142857,0.3321304727019013,0.0,0.0,0.1857142857142857,0.2146825396825396,0.0
272,0.0142857142857142,0.3571428571428571,0.2407879818594104,0.0,0.0,0.1857142857142857,0.2146825396825396,0.0
273,0.0142857142857142,0.3571428571428571,0.2743687899402185,0.0,0.0,0.1857142857142857,0.2146825396825396,0.0
274,0.0285714285714285,0.3285714285714285,0.2249546485260771,0.0,0.0,0.1857142857142857,0.2146825396825396,0.0
275,0.0142857142857142,0.3857142857142857,0.2567324263038549,0.0,0.0,0.1857142857142857,0.2146825396825396,0.0
276,0.0428571428571428,0.3571428571428571,0.3597562358276643,0.0,0.0,0.1857142857142857,0.2146825396825396,0.0
277,0.0142857142857142,0.3142857142857142,0.2743197278911564,0.0,0.0,0.1857142857142857,0.2146825396825396,0.0
278,0.0285714285714285,0.4,0.2668356009070294,0.0,0.0,0.1857142857142857,0.2146825396825396,0.0
279,0.0285714285714285,0.3571428571428571,0.3269782175496461,0.0,0.0,0.1857142857142857,0.2146825396825396,0.0
280,0.0428571428571428,0.3857142857142857,0.3319189342403628,0.0,0.0,0.1857142857142857,0.2146825396825396,0.0
281,0.0428571428571428,0.3714285714285714,0.3514030612244898,0.0,0.0,0.1857142857142857,0.2146825396825396,0.0
282,0.0285714285714285,0.3714285714285714,0.283904587476016,0.0,0.0,0.1857142857142857,0.2146825396825396,0.0
283,0.0285714285714285,0.3857142857142857,0.2812015960230246,0.0,0.0,0.1857142857142857,0.2146825396825396,0.0
284,0.0285714285714285,0.3857142857142857,0.2755102040816327,0.0,0.0,0.1857142857142857,0.2146825396825396,0.0
285,0.0285714285714285,0.3428571428571428,0.2707324263038549,0.0,0.0,0.1857142857142857,0.2146825396825396,0.0
286,0.0285714285714285,0.3714285714285714,0.2970354566068852,0.0,0.0,0.1857142857142857,0.2146825396825396,0.0
287,0.0285714285714285,0.3714285714285714,0.2506701367415653,0.0,0.0,0.1857142857142857,0.2146825396825396,0.0
288,0.0285714285714285,0.3571428571428571,0.2835550758765044,0.0,0.0,0.1857142857142857,0.2146825396825396,0.0
289,0.0285714285714285,0.3285714285714285,0.2613435374149659,0.0,0.0,0.1857142857142857,0.2146825396825396,0.0
290,0.0285714285714285,0.3285714285714285,0.343949357520786,0.0,0.0,0.1857142857142857,0.2146825396825396,0.0
291,0.0285714285714285,0.3571428571428571,0.2625578231292517,0.0,0.0,0.1857142857142857,0.2146825396825396,0.0
292,0.0285714285714285,0.3285714285714285,0.3605895691609977,0.0,0.0,0.1857142857142857,0.2146825396825396,0.0
293,0.0285714285714285,0.3714285714285714,0.2933938019652305,0.0,0.0,0.1857142857142857,0.2146825396825396,0.0
294,0.0142857142857142,0.3428571428571428,0.2721438019652306,0.0,0.0,0.1857142857142857,0.2146825396825396,0.0
295,0.0285714285714285,0.3142857142857143,0.2441213151927437,0.0,0.0,0.1857142857142857,0.2146825396825396,0.0
296,0.0428571428571428,0.3857142857142857,0.3264030612244898,0.0,0.0,0.1857142857142857,0.2146825396825396,0.0
297,0.0428571428571428,0.3428571428571428,0.3873356009070294,0.0,0.0,0.1857142857142857,0.2146825396825396,0.0
298,0.0285714285714285,0.3142857142857143,0.2465708101422387,0.0,0.0,0.1857142857142857,0.2146825396825396,0.0
299,0.0285714285714285,0.3857142857142857,0.282332548403977,0.0,0.0,0.1857142857142857,0.2146825396825396,0.0
300,0.0142857142857142,0.3428571428571428,0.2432501030715316,0.0,0.0,0.1857142857142857,0.2146825396825396,0.0
301,0.0285714285714285,0.3285714285714285,0.3059863945578231,0.0,0.0,0.1857142857142857,0.2146825396825396,0.0
302,0.0142857142857142,0.3428571428571428,0.2692602040816326,0.0,0.0,0.1857142857142857,0.2146825396825396,0.0
303,0.0428571428571428,0.3571428571428571,0.3597562358276643,0.0,0.0,0.1857142857142857,0.2146825396825396,0.0
304,0.0285714285714285,0.3571428571428571,0.2757086167800454,0.0,0.0,0.1857142857142857,0.2146825396825396,0.0
305,0.0285714285714285,0.3571428571428571,0.2843726379440665,0.0,0.0,0.1857142857142857,0.2146825396825396,0.0
306,0.0285714285714285,0.3857142857142857,0.3085031833246119,0.0,0.0,0.1857142857142857,0.2146825396825396,0.0
307,0.0285714285714285,0.3428571428571428,0.3063050758765045,0.0,0.0,0.1857142857142857,0.2146825396825396,0.0
308,0.0285714285714285,0.3428571428571428,0.3357482993197279,0.0,0.0,0.1857142857142857,0.2146825396825396,0.0
309,0.0428571428571428,0.3857142857142857,0.3500340136054422,0.0,0.0,0.1857142857142857,0.2146825396825396,0.0
310,0.0285714285714285,0.3714285714285714,0.2644631955346241,0.0,0.0,0.1857142857142857,0.2146825396825396,0.0
311,0.0285714285714285,0.3714285714285714,0.292642377463806,0.0,0.0,0.1857142857142857,0.2146825396825396,0.0
312,0.0285714285714285,0.3857142857142857,0.2282230467944753,0.0,0.0,0.1857142857142857,0.2146825396825396,0.0
313,0.0428571428571428,0.3571428571428571,0.3129308390022675,0.0,0.0,0.1857142857142857,0.2146825396825396,0.0
314,0.0142857142857142,0.3,0.3571768707482993,0.0,0.0,0.1857142857142857,0.2146825396825396,0.0
315,0.0285714285714285,0.3714285714285714,0.2958144368858654,0.0,0.0,0.1857142857142857,0.2146825396825396,0.0
316,0.0285714285714285,0.3714285714285714,0.2741477702191988,0.0,0.0,0.1857142857142857,0.2146825396825396,0.0
317,0.0428571428571428,0.4,0.3337800453514739,0.0,0.0,0.1857142857142857,0.2146825396825396,0.0
318,0.0285714285714285,0.3857142857142857,0.2840587388801674,0.0,0.0,0.1857142857142857,0.2146825396825396,0.0
319,0.0285714285714285,0.3571428571428571,0.2836145996860282,0.0,0.0,0.1857142857142857,0.2146825396825396,0.0
320,0.0285714285714285,0.3714285714285714,0.26916761148904,0.0,0.0,0.1857142857142857,0.2146825396825396,0.0
321,0.0285714285714285,0.3428571428571428,0.3095842781557067,0.0,0.0,0.1857142857142857,0.2146825396825396,0.0
322,0.0285714285714285,0.3571428571428571,0.2768852179566465,0.0,0.0,0.1857142857142857,0.2146825396825396,0.0
323,0.0285714285714285,0.3857142857142857,0.290864294435723,0.0,0.0,0.1857142857142857,0.2146825396825396,0.0
324,0.0285714285714285,0.3428571428571428,0.2831160241874528,0.0,0.0,0.1857142857142857,0.2146825396825396,0.0
325,0.0285714285714285,0.3571428571428571,0.2419445475159761,0.0,0.0,0.1857142857142857,0.2146825396825396,0.0
326,0.0285714285714285,0.3428571428571428,0.2962641723356009,0.0,0.0,0.1857142857142857,0.2146825396825396,0.0
327,0.0285714285714285,0.3428571428571428,0.2392602040816326,0.0,0.0,0.1857142857142857,0.2146825396825396,0.0
328,0.0142857142857142,0.3,0.2549546485260771,0.0,0.0,0.1857142857142857,0.2146825396825396,0.0
329,0.0285714285714285,0.3428571428571428,0.2962641723356009,0.0,0.0,0.1857142857142857,0.2146825396825396,0.0
330,0.0285714285714285,0.3571428571428571,0.3067617303331589,0.0,0.0,0.1857142857142857,0.2146825396825396,0.0
331,0.0142857142857142,0.3428571428571428,0.1921263656977942,0.0,0.0,0.1857142857142857,0.2146825396825396,0.0
332,0.0142857142857142,0.3571428571428571,0.2687374768089053,0.0,0.0,0.1857142857142857,0.2146825396825396,0.0
333,0.0285714285714285,0.3571428571428571,0.2884161869876155,0.0,0.0,0.1857142857142857,0.2146825396825396,0.0
334,0.0285714285714285,0.3428571428571428,0.226343537414966,0.0,0.0,0.1857142857142857,0.2146825396825396,0.0
335,0.0428571428571428,0.3714285714285714,0.3333475056689342,0.0,0.0,0.1857142857142857,0.2146825396825396,0.0
336,0.0285714285714285,0.3571428571428571,0.2362747173461459,0.0,0.0,0.1857142857142857,0.2146825396825396,0.0
337,0.0285714285714285,0.3428571428571428,0.3172033257747543,0.0,0.0,0.1857142857142857,0.2146825396825396,0.0
338,0.0285714285714285,0.3714285714285714,0.2917271352985638,0.0,0.0,0.1857142857142857,0.2146825396825396,0.0
339,0.0428571428571428,0.3714285714285714,0.3493197278911564,0.0,0.0,0.1857142857142857,0.2146825396825396,0.0
340,0.0285714285714285,0.3142857142857143,0.2403713151927437,0.0,0.0,0.1857142857142857,0.2146825396825396,0.0
341,0.0285714285714285,0.3285714285714285,0.2456490929705215,0.0,0.0,0.1857142857142857,0.2146825396825396,0.0
342,0.0285714285714285,0.3857142857142857,0.2271913007627293,0.0,0.0,0.1857142857142857,0.2146825396825396,0.0
343,0.0142857142857142,0.3571428571428571,0.2897959183673469,0.0,0.0,0.1857142857142857,0.2146825396825396,0.0
344,0.0285714285714285,0.4,0.2857906273620559,0.0,0.0,0.1857142857142857,0.2146825396825396,0.0
345,0.0285714285714285,0.3571428571428571,0.263843537414966,0.0,0.0,0.1857142857142857,0.2146825396825396,0.0
346,0.0857142857142857,0.4142857142857142,0.3702819865319865,0.0,0.0428571428571428,0.4142857142857143,0.2723256373256373,0.0
347,0.0714285714285714,0.4571428571428571,0.3114694102194102,0.0,0.0428571428571428,0.4142857142857143,0.2723256373256373,0.0
348,0.0714285714285714,0.4714285714285713,0.3192794612794613,0.0,0.0428571428571428,0.4142857142857143,0.2723256373256373,0.0
349,0.0857142857142857,0.4285714285714285,0.4006986531986533,0.0,0.0428571428571428,0.4142857142857143,0.2723256373256373,0.0
350,0.0714285714285714,0.4714285714285714,0.3210161135161135,0.0,0.0428571428571428,0.4142857142857143,0.2723256373256373,0.0
351,0.0857142857142857,0.4428571428571429,0.3604803992303992,0.0,0.0428571428571428,0.4142857142857143,0.2723256373256373,0.0
352,0.0714285714285714,0.4285714285714285,0.3211616161616161,0.0,0.0428571428571428,0.4142857142857143,0.2723256373256373,0.0
353,0.0714285714285714,0.4142857142857142,0.3425637325637325,0.0,0.0428571428571428,0.4142857142857143,0.2723256373256373,0.0
354,0.0714285714285714,0.4285714285714285,0.3865319865319865,0.0,0.0428571428571428,0.4142857142857143,0.2723256373256373,0.0
355,0.0857142857142857,0.4571428571428571,0.366258177008177,0.0,0.0428571428571428,0.4142857142857143,0.2723256373256373,0.0
356,0.0714285714285714,0.4142857142857142,0.4622065897065897,0.0,0.0428571428571428,0.4142857142857143,0.2723256373256373,0.0
357,0.0714285714285714,0.4428571428571428,0.3490609853109853,0.0,0.0428571428571428,0.4142857142857143,0.2723256373256373,0.0
358,0.0714285714285714,0.4285714285714285,0.3320280182780183,0.0,0.0428571428571428,0.4142857142857143,0.2723256373256373,0.0
359,0.0571428571428571,0.4285714285714285,0.322039923039923,0.0,0.0428571428571428,0.4142857142857143,0.2723256373256373,0.0
360,0.0714285714285714,0.4142857142857142,0.2997798497798498,0.0,0.0428571428571428,0.4142857142857143,0.2723256373256373,0.0
361,0.0571428571428571,0.4142857142857143,0.3159208754208754,0.0,0.0428571428571428,0.4142857142857143,0.2723256373256373,0.0
362,0.0714285714285714,0.4571428571428571,0.3121882746882747,0.0,0.0428571428571428,0.4142857142857143,0.2723256373256373,0.0
363,0.0714285714285714,0.4571428571428571,0.349124579124579,0.0,0.0428571428571428,0.4142857142857143,0.2723256373256373,0.0
364,0.0714285714285714,0.4,0.312226430976431,0.0,0.0428571428571428,0.4142857142857143,0.2723256373256373,0.0
365,0.0571428571428571,0.4,0.4035227272727272,0.0,0.0428571428571428,0.4142857142857143,0.2723256373256373,0.0
366,0.0857142857142857,0.3999999999999999,0.3327819865319865,0.0,0.0428571428571428,0.4142857142857143,0.2723256373256373,0.0
367,0.0714285714285714,0.4428571428571429,0.3573494468494468,0.0,0.0428571428571428,0.4142857142857143,0.2723256373256373,0.0
368,0.0714285714285714,0.3857142857142857,0.416789923039923,0.0,0.0428571428571428,0.4142857142857143,0.2723256373256373,0.0
369,0.0857142857142857,0.4428571428571428,0.3914526214526214,0.0,0.0428571428571428,0.4142857142857143,0.2723256373256373,0.0
370,0.0857142857142857,0.4571428571428571,0.3107924482924483,0.0,0.0428571428571428,0.4142857142857143,0.2723256373256373,0.0
371,0.0714285714285714,0.4285714285714285,0.3185227272727273,0.0,0.0428571428571428,0.4142857142857143,0.2723256373256373,0.0
372,0.0714285714285714,0.4285714285714285,0.3506986531986532,0.0,0.0428571428571428,0.4142857142857143,0.2723256373256373,0.0
373,0.0714285714285714,0.4714285714285714,0.3213543308543308,0.0,0.0428571428571428,0.4142857142857143,0.2723256373256373,0.0
374,0.0714285714285714,0.4142857142857142,0.3855205905205905,0.0,0.0428571428571428,0.4142857142857143,0.2723256373256373,0.0
375,0.0857142857142857,0.4428571428571428,0.3831192881192881,0.0,0.0428571428571428,0.4142857142857143,0.2723256373256373,0.0
376,0.0714285714285714,0.4428571428571429,0.3696536796536796,0.0,0.0428571428571428,0.4142857142857143,0.2723256373256373,0.0
377,0.0714285714285714,0.4714285714285714,0.3055612905612905,0.0,0.0428571428571428,0.4142857142857143,0.2723256373256373,0.0
378,0.0714285714285714,0.3714285714285714,0.448337542087542,0.0,0.0428571428571428,0.4142857142857143,0.2723256373256373,0.0
379,0.0714285714285714,0.4142857142857142,0.3311748436748437,0.0,0.0428571428571428,0.4142857142857143,0.2723256373256373,0.0
380,0.0857142857142857,0.4142857142857142,0.3434336959336959,0.0,0.0428571428571428,0.4142857142857143,0.2723256373256373,0.0
381,0.0714285714285714,0.4428571428571428,0.3460359547859547,0.0,0.0428571428571428,0.4142857142857143,0.2723256373256373,0.0
382,0.0571428571428571,0.3714285714285714,0.3887542087542087,0.0,0.0428571428571428,0.4142857142857143,0.2723256373256373,0.0
383,0.0857142857142857,0.4857142857142856,0.34802405002405,0.0,0.0428571428571428,0.4142857142857143,0.2723256373256373,0.0
384,0.0714285714285714,0.4142857142857142,0.3903613516113516,0.0,0.0428571428571428,0.4142857142857143,0.2723256373256373,0.0
385,0.0714285714285714,0.4428571428571429,0.3004248436748437,0.0,0.0428571428571428,0.4142857142857143,0.2723256373256373,0.0
386,0.0714285714285714,0.4428571428571428,0.3181655844155844,0.0,0.0428571428571428,0.4142857142857143,0.2723256373256373,0.0
387,0.0714285714285714,0.4,0.2742857142857143,0.0,0.0428571428571428,0.4142857142857143,0.2723256373256373,0.0
388,0.0857142857142857,0.4714285714285714,0.3319010341510341,0.0,0.0428571428571428,0.4142857142857143,0.2723256373256373,0.0
389,0.0714285714285714,0.4428571428571429,0.3194318644318644,0.0,0.0428571428571428,0.4142857142857143,0.2723256373256373,0.0
390,0.0714285714285714,0.4571428571428571,0.329832251082251,0.0,0.0428571428571428,0.4142857142857143,0.2723256373256373,0.0
391,0.0714285714285714,0.4142857142857142,0.3118301143301142,0.0,0.0428571428571428,0.4142857142857143,0.2723256373256373,0.0
392,0.0571428571428571,0.3857142857142857,,0.0,0.0428571428571428,0.4142857142857143,0.2723256373256373,0.0
393,0.0857142857142857,0.4142857142857142,0.3464098864098863,0.0,0.0428571428571428,0.4142857142857143,0.2723256373256373,0.0
394,0.0714285714285714,0.4857142857142856,0.3439129389129388,0.0,0.0428571428571428,0.4142857142857143,0.2723256373256373,0.0
395,0.0714285714285714,0.4428571428571428,0.3515213027713028,0.0,0.0428571428571428,0.4142857142857143,0.2723256373256373,0.0
396,0.0714285714285714,0.4571428571428571,0.3103415103415103,0.0,0.0428571428571428,0.4142857142857143,0.2723256373256373,0.0
397,0.0714285714285714,0.4571428571428571,0.3316748436748437,0.0,0.0428571428571428,0.4142857142857143,0.2723256373256373,0.0
398,0.0714285714285714,0.4428571428571429,0.3243097643097642,0.0,0.0428571428571428,0.4142857142857143,0.2723256373256373,0.0
399,0.0571428571428571,0.4285714285714285,0.2788946238946239,0.0,0.0428571428571428,0.4142857142857143,0.2723256373256373,0.0
400,0.0714285714285714,0.4285714285714285,0.3383970658970659,0.0,0.0428571428571428,0.4142857142857143,0.2723256373256373,0.0
401,0.0714285714285714,0.4285714285714285,0.3580160117660117,0.0,0.0428571428571428,0.4142857142857143,0.2723256373256373,0.0
402,0.0714285714285714,0.4428571428571429,0.3106360768860768,0.0,0.0428571428571428,0.4142857142857143,0.2723256373256373,0.0
403,0.0714285714285714,0.4142857142857142,0.3070814370814371,0.0,0.0428571428571428,0.4142857142857143,0.2723256373256373,0.0
404,0.0714285714285714,0.4142857142857143,0.3154803992303993,0.0,0.0428571428571428,0.4142857142857143,0.2723256373256373,0.0
405,0.0714285714285714,0.4285714285714285,0.3029025604025604,0.0,0.0428571428571428,0.4142857142857143,0.2723256373256373,0.0
406,0.0714285714285714,0.4571428571428571,0.3410609853109853,0.0,0.0428571428571428,0.4142857142857143,0.2723256373256373,0.0
407,0.0857142857142857,0.4142857142857142,0.3694155844155844,0.0,0.0428571428571428,0.4142857142857143,0.2723256373256373,0.0
408,0.0714285714285714,0.4428571428571428,0.3190782828282828,0.0,0.0428571428571428,0.4142857142857143,0.2723256373256373,0.0
409,0.0714285714285714,0.4428571428571428,0.3287313149813149,0.0,0.0428571428571428,0.4142857142857143,0.2723256373256373,0.0
410,0.0857142857142857,0.4428571428571429,0.3784776334776335,0.0,0.0428571428571428,0.4142857142857143,0.2723256373256373,0.0
411,0.0714285714285714,0.4142857142857143,0.3370875420875421,0.0,0.0428571428571428,0.4142857142857143,0.2723256373256373,0.0
412,0.0714285714285714,0.4428571428571429,0.3124711399711399,0.0,0.0428571428571428,0.4142857142857143,0.2723256373256373,0.0
413,0.0714285714285714,0.4285714285714285,0.3038732563732563,0.0,0.0428571428571428,0.4142857142857143,0.2723256373256373,0.0
414,0.0571428571428571,0.4571428571428572,0.3122991822991823,0.0,0.0428571428571428,0.4142857142857143,0.2723256373256373,0.0
415,0.0714285714285714,0.4,0.2856956006956006,0.0,0.0428571428571428,0.4142857142857143,0.2723256373256373,0.0
416,0.0714285714285714,0.4285714285714286,0.264013949013949,0.0,0.0428571428571428,0.4142857142857143,0.2723256373256373,0.0
417,0.0714285714285714,0.3571428571428571,0.3803703703703703,0.0,0.0428571428571428,0.4142857142857143,0.2723256373256373,0.0
418,0.0714285714285714,0.4428571428571429,0.3346241721241721,0.0,0.0428571428571428,0.4142857142857143,0.2723256373256373,0.0
419,0.0714285714285714,0.4285714285714285,0.2990136715136714,0.0,0.0428571428571428,0.4142857142857143,0.2723256373256373,0.0
420,0.0714285714285714,0.4571428571428571,0.3380796055796056,0.0,0.0428571428571428,0.4142857142857143,0.2723256373256373,0.0
421,0.0571428571428571,0.3428571428571428,0.3743097643097643,0.0,0.0428571428571428,0.4142857142857143,0.2723256373256373,0.0
422,0.0714285714285714,0.4142857142857143,0.2784385521885522,0.0,0.0428571428571428,0.4142857142857143,0.2723256373256373,0.0
423,0.0714285714285714,0.4428571428571428,0.3565319865319865,0.0,0.0428571428571428,0.4142857142857143,0.2723256373256373,0.0
424,0.0714285714285714,0.4571428571428571,0.3273335738335738,0.0,0.0428571428571428,0.4142857142857143,0.2723256373256373,0.0
425,0.0857142857142857,0.4571428571428571,0.3723097643097642,0.0,0.0428571428571428,0.4142857142857143,0.2723256373256373,0.0
426,0.0714285714285714,0.4142857142857143,0.340050505050505,0.0,0.0428571428571428,0.4142857142857143,0.2723256373256373,0.0
427,0.0714285714285714,0.4285714285714285,0.3616708754208754,0.0,0.0428571428571428,0.4142857142857143,0.2723256373256373,0.0
428,0.0857142857142857,0.4285714285714285,0.3367517667517667,0.0,0.0428571428571428,0.4142857142857143,0.2723256373256373,0.0
429,0.0714285714285714,0.4428571428571428,0.3221933621933622,0.0,0.0428571428571428,0.4142857142857143,0.2723256373256373,0.0
430,0.0714285714285714,0.4285714285714285,0.3231986531986532,0.0,0.0428571428571428,0.4142857142857143,0.2723256373256373,0.0
431,0.0857142857142857,0.4285714285714285,0.3628732563732563,0.0,0.0428571428571428,0.4142857142857143,0.2723256373256373,0.0
432,0.0714285714285714,0.4142857142857143,0.2620496632996633,0.0,0.0428571428571428,0.4142857142857143,0.2723256373256373,0.0
433,0.0714285714285714,0.4571428571428572,0.2946305546305546,0.0,0.0428571428571428,0.4142857142857143,0.2723256373256373,0.0
434,0.0714285714285714,0.4142857142857143,0.3400728900728901,0.0,0.0428571428571428,0.4142857142857143,0.2723256373256373,0.0
435,0.0714285714285714,0.4428571428571429,0.3238124098124098,0.0,0.0428571428571428,0.4142857142857143,0.2723256373256373,0.0
436,0.0714285714285714,0.4285714285714285,0.3195319865319865,0.0,0.0428571428571428,0.4142857142857143,0.2723256373256373,0.0
437,0.0714285714285714,0.4285714285714285,0.3752727272727272,0.0,0.0428571428571428,0.4142857142857143,0.2723256373256373,0.0
438,0.0714285714285714,0.4285714285714285,0.3603282828282828,0.0,0.0428571428571428,0.4142857142857143,0.2723256373256373,0.0
439,0.0571428571428571,0.4142857142857143,0.2423350168350168,0.0,0.0428571428571428,0.4142857142857143,0.2723256373256373,0.0
440,0.0714285714285714,0.4428571428571428,0.3231192881192881,0.0,0.0428571428571428,0.4142857142857143,0.2723256373256373,0.0
441,0.0714285714285714,0.4428571428571428,0.3274843674843674,0.0,0.0428571428571428,0.4142857142857143,0.2723256373256373,0.0
442,0.0714285714285714,0.4285714285714285,0.3405954785954786,0.0,0.0428571428571428,0.4142857142857143,0.2723256373256373,0.0
443,0.0571428571428571,0.3714285714285714,0.2692395567395568,0.0,0.0428571428571428,0.4142857142857143,0.2723256373256373,0.0
444,0.0714285714285714,0.4285714285714285,0.3558970658970658,0.0,0.0428571428571428,0.4142857142857143,0.2723256373256373,0.0
445,0.0571428571428571,0.4142857142857143,0.2428829966329966,0.0,0.0428571428571428,0.4142857142857143,0.2723256373256373,0.0
446,0.0714285714285714,0.4285714285714285,0.3187938912938912,0.0,0.0428571428571428,0.4142857142857143,0.2723256373256373,0.0
447,0.0714285714285714,0.4285714285714285,0.3327171717171716,0.0,0.0428571428571428,0.4142857142857143,0.2723256373256373,0.0
448,0.0714285714285714,0.4285714285714285,0.3434896584896584,0.0,0.0428571428571428,0.4142857142857143,0.2723256373256373,0.0
449,0.0857142857142857,0.4428571428571428,0.3939526214526214,0.0,0.0428571428571428,0.4142857142857143,0.2723256373256373,0.0
450,0.0857142857142857,0.4142857142857143,0.3378653198653198,0.0,0.0428571428571428,0.4142857142857143,0.2723256373256373,0.0
451,0.0857142857142857,0.4428571428571428,0.3939526214526214,0.0,0.0428571428571428,0.4142857142857143,0.2723256373256373,0.0
452,0.0714285714285714,0.3857142857142857,0.4211964886964886,0.0,0.0428571428571428,0.4142857142857143,0.2723256373256373,0.0
453,0.0714285714285714,0.3999999999999999,0.2918097643097643,0.0,0.0428571428571428,0.4142857142857143,0.2723256373256373,0.0
454,0.0857142857142857,0.4428571428571428,0.3731192881192881,0.0,0.0428571428571428,0.4142857142857143,0.2723256373256373,0.0
455,0.0714285714285714,0.3999999999999999,0.3943891293891294,0.0,0.0428571428571428,0.4142857142857143,0.2723256373256373,0.0
456,0.0714285714285714,0.4714285714285714,0.3073320198320198,0.0,0.0428571428571428,0.4142857142857143,0.2723256373256373,0.0
457,0.0571428571428571,0.4,0.2894486531986532,0.0,0.0428571428571428,0.4142857142857143,0.2723256373256373,0.0
458,0.0714285714285714,0.4285714285714285,0.3539526214526214,0.0,0.0428571428571428,0.4142857142857143,0.2723256373256373,0.0
459,0.0714285714285714,0.3999999999999999,0.3044486531986531,0.0,0.0428571428571428,0.4142857142857143,0.2723256373256373,0.0
460,0.0857142857142857,0.4714285714285714,0.3417835127835127,0.0,0.0428571428571428,0.4142857142857143,0.2723256373256373,0.0
461,0.0714285714285714,0.4,0.3666378066378065,0.0,0.0428571428571428,0.4142857142857143,0.2723256373256373,0.0
462,0.0714285714285714,0.4714285714285714,0.3072065897065896,0.0,0.0428571428571428,0.4142857142857143,0.2723256373256373,0.0
463,0.0714285714285714,0.4285714285714285,0.3416113516113516,0.0,0.0428571428571428,0.4142857142857143,0.2723256373256373,0.0
464,0.0714285714285714,0.4142857142857142,0.3089989177489177,0.0,0.0428571428571428,0.4142857142857143,0.2723256373256373,0.0
465,0.0714285714285714,0.4428571428571428,0.2546885521885522,0.0,0.0428571428571428,0.4142857142857143,0.2723256373256373,0.0
466,0.0714285714285714,0.4571428571428571,0.3302026214526214,0.0,0.0428571428571428,0.4142857142857143,0.2723256373256373,0.0
467,0.0714285714285714,0.4857142857142856,0.3107358104858104,0.0,0.0428571428571428,0.4142857142857143,0.2723256373256373,0.0
468,0.0714285714285714,0.4571428571428571,0.2919486531986531,0.0,0.0428571428571428,0.4142857142857143,0.2723256373256373,0.0
469,0.0714285714285714,0.4428571428571428,0.3480266955266954,0.0,0.0428571428571428,0.4142857142857143,0.2723256373256373,0.0
470,0.0714285714285714,0.3999999999999999,0.3286153198653199,0.0,0.0428571428571428,0.4142857142857143,0.2723256373256373,0.0
471,0.0714285714285714,0.4571428571428571,0.3464592352092352,0.0,0.0428571428571428,0.4142857142857143,0.2723256373256373,0.0
472,0.0857142857142857,0.4285714285714285,0.377226430976431,0.0,0.0428571428571428,0.4142857142857143,0.2723256373256373,0.0
473,0.0714285714285714,0.4285714285714285,0.4250081770081769,0.0,0.0428571428571428,0.4142857142857143,0.2723256373256373,0.0
474,0.0714285714285714,0.4142857142857143,0.2686986531986532,0.0,0.0428571428571428,0.4142857142857143,0.2723256373256373,0.0
475,0.0714285714285714,0.4285714285714285,0.3391601916601915,0.0,0.0428571428571428,0.4142857142857143,0.2723256373256373,0.0
476,0.0714285714285714,0.4571428571428571,0.3410609853109853,0.0,0.0428571428571428,0.4142857142857143,0.2723256373256373,0.0
477,0.0714285714285714,0.4142857142857142,0.3454208754208754,0.0,0.0428571428571428,0.4142857142857143,0.2723256373256373,0.0
478,0.0714285714285714,0.4428571428571428,0.2990873015873015,0.0,0.0428571428571428,0.4142857142857143,0.2723256373256373,0.0
479,0.0714285714285714,0.4857142857142856,0.3388067118067117,0.0,0.0428571428571428,0.4142857142857143,0.2723256373256373,0.0
480,0.0714285714285714,0.4428571428571428,0.3480266955266954,0.0,0.0428571428571428,0.4142857142857143,0.2723256373256373,0.0
481,0.0714285714285714,0.4285714285714285,0.3154803992303992,0.0,0.0428571428571428,0.4142857142857143,0.2723256373256373,0.0
482,0.0714285714285714,0.4142857142857143,0.4434632034632034,0.0,0.0428571428571428,0.4142857142857143,0.2723256373256373,0.0
483,0.0714285714285714,0.4571428571428571,0.323603008103008,0.0,0.0428571428571428,0.4142857142857143,0.2723256373256373,0.0
484,0.0714285714285714,0.4428571428571428,0.3449141599141598,0.0,0.0428571428571428,0.4142857142857143,0.2723256373256373,0.0
485,0.0714285714285714,0.4428571428571428,0.3227224627224626,0.0,0.0428571428571428,0.4142857142857143,0.2723256373256373,0.0
486,0.0714285714285714,0.4571428571428571,0.2776707551707551,0.0,0.0428571428571428,0.4142857142857143,0.2723256373256373,0.0
487,0.0571428571428571,0.4428571428571429,0.2761391293891294,0.0,0.0428571428571428,0.4142857142857143,0.2723256373256373,0.0
488,0.0714285714285714,0.3999999999999999,0.3555002405002404,0.0,0.0428571428571428,0.4142857142857143,0.2723256373256373,0.0
489,0.0857142857142857,0.4285714285714285,0.4162409812409812,0.0,0.0428571428571428,0.4142857142857143,0.2723256373256373,0.0
490,0.0714285714285714,0.4142857142857143,0.340050505050505,0.0,0.0428571428571428,0.4142857142857143,0.2723256373256373,0.0
491,0.0714285714285714,0.4142857142857143,0.2770496632996632,0.0,0.0428571428571428,0.4142857142857143,0.2723256373256373,0.0
492,0.0714285714285714,0.4714285714285713,0.3161604136604136,0.0,0.0428571428571428,0.4142857142857143,0.2723256373256373,0.0
493,0.0857142857142857,0.4428571428571428,0.3831192881192881,0.0,0.0428571428571428,0.4142857142857143,0.2723256373256373,0.0
494,0.0714285714285714,0.4428571428571429,0.2819155844155844,0.0,0.0428571428571428,0.4142857142857143,0.2723256373256373,0.0
495,0.0857142857142857,0.4428571428571429,0.3253841621341621,0.0,0.0428571428571428,0.4142857142857143,0.2723256373256373,0.0
496,0.0714285714285714,0.3999999999999999,0.2888552188552188,0.0,0.0428571428571428,0.4142857142857143,0.2723256373256373,0.0
497,0.0714285714285714,0.4285714285714285,0.3356086043586043,0.0,0.0428571428571428,0.4142857142857143,0.2723256373256373,0.0
498,0.0714285714285714,0.4428571428571429,0.3523097643097643,0.0,0.0428571428571428,0.4142857142857143,0.2723256373256373,0.0
499,0.0857142857142857,0.4142857142857143,0.3569129389129389,0.0,0.0428571428571428,0.4142857142857143,0.2723256373256373,0.0
500,0.0714285714285714,0.4142857142857142,0.3903613516113516,0.0,0.0428571428571428,0.4142857142857143,0.2723256373256373,0.0
501,0.0571428571428571,0.4142857142857143,0.2448311318311318,0.0,0.0428571428571428,0.4142857142857143,0.2723256373256373,0.0
502,0.0714285714285714,0.4428571428571428,0.3321139971139971,0.0,0.0428571428571428,0.4142857142857143,0.2723256373256373,0.0
503,0.0714285714285714,0.4571428571428571,0.3355597643097642,0.0,0.0428571428571428,0.4142857142857143,0.2723256373256373,0.0
504,0.0857142857142857,0.4142857142857143,0.3165319865319865,0.0,0.0428571428571428,0.4142857142857143,0.2723256373256373,0.0
505,0.0714285714285714,0.4142857142857142,0.3632780182780182,0.0,0.0428571428571428,0.4142857142857143,0.2723256373256373,0.0
506,0.0714285714285714,0.4428571428571429,0.2918008288008288,0.0,0.0428571428571428,0.4142857142857143,0.2723256373256373,0.0
507,0.0714285714285714,0.4,0.3308028083028083,0.0,0.0428571428571428,0.4142857142857143,0.2723256373256373,0.0
508,0.0714285714285714,0.4285714285714285,0.2978146483146483,0.0,0.0428571428571428,0.4142857142857143,0.2723256373256373,0.0
509,0.0714285714285714,0.4428571428571429,0.296727873977874,0.0,0.0428571428571428,0.4142857142857143,0.2723256373256373,0.0
510,0.0714285714285714,0.4285714285714285,0.3196470658970659,0.0,0.0428571428571428,0.4142857142857143,0.2723256373256373,0.0
511,0.0714285714285714,0.4428571428571428,0.3286748436748437,0.0,0.0428571428571428,0.4142857142857143,0.2723256373256373,0.0
512,0.0714285714285714,0.4142857142857143,0.3624446849446849,0.0,0.0428571428571428,0.4142857142857143,0.2723256373256373,0.0
513,0.0714285714285714,0.4285714285714285,0.3511351611351611,0.0,0.0428571428571428,0.4142857142857143,0.2723256373256373,0.0
514,0.0857142857142857,0.4714285714285714,0.3633415103415103,0.0,0.0428571428571428,0.4142857142857143,0.2723256373256373,0.0
515,0.0714285714285714,0.4285714285714285,0.3409288119288119,0.0,0.0428571428571428,0.4142857142857143,0.2723256373256373,0.0
516,0.0857142857142857,0.4428571428571428,0.3852026214526214,0.0,0.0428571428571428,0.4142857142857143,0.2723256373256373,0.0
517,0.0571428571428571,0.3857142857142857,0.3845875420875421,0.0,0.0428571428571428,0.4142857142857143,0.2723256373256373,0.0
518,0.0857142857142857,0.4428571428571428,0.3731192881192881,0.0,0.0428571428571428,0.4142857142857143,0.2723256373256373,0.0
519,0.0714285714285714,0.3999999999999999,0.2958375420875421,0.0,0.0428571428571428,0.4142857142857143,0.2723256373256373,0.0
520,0.0714285714285714,0.4285714285714285,0.3211616161616161,0.0,0.0428571428571428,0.4142857142857143,0.2723256373256373,0.0
521,0.0714285714285714,0.4142857142857143,0.2895496632996633,0.0,0.0428571428571428,0.4142857142857143,0.2723256373256373,0.0
522,0.0714285714285714,0.4571428571428571,0.3297432197432198,0.0,0.0428571428571428,0.4142857142857143,0.2723256373256373,0.0
523,0.0571428571428571,0.4285714285714285,0.3134684944684944,0.0,0.0428571428571428,0.4142857142857143,0.2723256373256373,0.0
524,0.0714285714285714,0.4571428571428571,0.3442780182780182,0.0,0.0428571428571428,0.4142857142857143,0.2723256373256373,0.0
525,0.0714285714285714,0.4285714285714285,0.3029803992303992,0.0,0.0428571428571428,0.4142857142857143,0.2723256373256373,0.0
526,0.0714285714285714,0.4571428571428571,0.3181192881192881,0.0,0.0428571428571428,0.4142857142857143,0.2723256373256373,0.0
527,0.0714285714285714,0.4142857142857143,0.2725594035594035,0.0,0.0428571428571428,0.4142857142857143,0.2723256373256373,0.0
528,0.0714285714285714,0.3999999999999999,0.3922727272727272,0.0,0.0428571428571428,0.4142857142857143,0.2723256373256373,0.0
529,0.0714285714285714,0.4285714285714285,0.326050505050505,0.0,0.0428571428571428,0.4142857142857143,0.2723256373256373,0.0
530,0.0714285714285714,0.4285714285714285,0.3123388648388648,0.0,0.0428571428571428,0.4142857142857143,0.2723256373256373,0.0
531,0.0714285714285714,0.4285714285714285,0.3226430976430976,0.0,0.0428571428571428,0.4142857142857143,0.2723256373256373,0.0
532,0.0714285714285714,0.4142857142857143,0.2568097643097643,0.0,0.0428571428571428,0.4142857142857143,0.2723256373256373,0.0
533,0.0714285714285714,0.4571428571428571,0.3016113516113516,0.0,0.0428571428571428,0.4142857142857143,0.2723256373256373,0.0
534,0.0714285714285714,0.4571428571428571,0.3070844895844896,0.0,0.0428571428571428,0.4142857142857143,0.2723256373256373,0.0
535,0.0714285714285714,0.4571428571428571,0.3316907166907166,0.0,0.0428571428571428,0.4142857142857143,0.2723256373256373,0.0
536,0.0714285714285714,0.4285714285714286,0.2885597643097643,0.0,0.0428571428571428,0.4142857142857143,0.2723256373256373,0.0
537,0.0714285714285714,0.4571428571428571,0.3047432197432197,0.0,0.0428571428571428,0.4142857142857143,0.2723256373256373,0.0
538,0.0714285714285714,0.4142857142857143,0.2555925925925925,0.0,0.0428571428571428,0.4142857142857143,0.2723256373256373,0.0
539,0.0714285714285714,0.4428571428571428,0.3381607744107743,0.0,0.0428571428571428,0.4142857142857143,0.2723256373256373,0.0
540,0.0714285714285714,0.4571428571428571,0.3293097643097643,0.0,0.0428571428571428,0.4142857142857143,0.2723256373256373,0.0
541,0.0714285714285714,0.4428571428571429,0.3183044733044732,0.0,0.0428571428571428,0.4142857142857143,0.2723256373256373,0.0
542,0.0714285714285714,0.3857142857142857,0.3467110667110666,0.0,0.0428571428571428,0.4142857142857143,0.2723256373256373,0.0
543,0.0714285714285714,0.4428571428571429,0.319026899026899,0.0,0.0428571428571428,0.4142857142857143,0.2723256373256373,0.0
544,0.0714285714285714,0.4428571428571429,0.3427065897065896,0.0,0.0428571428571428,0.4142857142857143,0.2723256373256373,0.0
545,0.0857142857142857,0.4571428571428571,0.359071669071669,0.0,0.0428571428571428,0.4142857142857143,0.2723256373256373,0.0
546,0.0714285714285714,0.4428571428571429,0.3190782828282829,0.0,0.0428571428571428,0.4142857142857143,0.2723256373256373,0.0
547,0.0714285714285714,0.4571428571428571,0.3330597643097642,0.0,0.0428571428571428,0.4142857142857143,0.2723256373256373,0.0
548,0.0857142857142857,0.4142857142857142,0.4078415103415103,0.0,0.0428571428571428,0.4142857142857143,0.2723256373256373,0.0
549,0.0714285714285714,0.4285714285714285,0.2969379694379694,0.0,0.0428571428571428,0.4142857142857143,0.2723256373256373,0.0
550,0.0714285714285714,0.3857142857142857,0.2741708754208754,0.0,0.0428571428571428,0.4142857142857143,0.2723256373256373,0.0
551,0.0714285714285714,0.4428571428571428,0.3355266955266954,0.0,0.0428571428571428,0.4142857142857143,0.2723256373256373,0.0
552,0.0714285714285714,0.4428571428571429,0.3066973304473304,0.0,0.0428571428571428,0.4142857142857143,0.2723256373256373,0.0
553,0.0857142857142857,0.4285714285714285,0.3248653198653198,0.0,0.0428571428571428,0.4142857142857143,0.2723256373256373,0.0
554,0.0857142857142857,0.4571428571428571,0.36307289007289,0.0,0.0428571428571428,0.4142857142857143,0.2723256373256373,0.0
555,0.0714285714285714,0.4571428571428571,0.3080597643097643,0.0,0.0428571428571428,0.4142857142857143,0.2723256373256373,0.0
556,0.0714285714285714,0.3999999999999999,0.3286153198653199,0.0,0.0428571428571428,0.4142857142857143,0.2723256373256373,0.0
557,0.0714285714285714,0.4285714285714285,0.3581192881192881,0.0,0.0428571428571428,0.4142857142857143,0.2723256373256373,0.0
558,0.0857142857142857,0.4571428571428572,0.3355035705035704,0.0,0.0428571428571428,0.4142857142857143,0.2723256373256373,0.0
559,0.0714285714285714,0.4428571428571429,0.2982924482924483,0.0,0.0428571428571428,0.4142857142857143,0.2723256373256373,0.0
560,0.0714285714285714,0.4428571428571429,0.3177224627224627,0.0,0.0428571428571428,0.4142857142857143,0.2723256373256373,0.0
561,0.0571428571428571,0.3857142857142857,0.2859764309764309,0.0,0.0428571428571428,0.4142857142857143,0.2723256373256373,0.0
562,0.0714285714285714,0.4142857142857143,0.2728829966329966,0.0,0.0428571428571428,0.4142857142857143,0.2723256373256373,0.0
563,0.0714285714285714,0.3857142857142857,0.4282996632996633,0.0,0.0428571428571428,0.4142857142857143,0.2723256373256373,0.0
564,0.0714285714285714,0.4285714285714285,0.3056060606060606,0.0,0.0428571428571428,0.4142857142857143,0.2723256373256373,0.0
565,0.0714285714285714,0.4285714285714285,0.3554208754208753,0.0,0.0428571428571428,0.4142857142857143,0.2723256373256373,0.0
566,0.0714285714285714,0.4285714285714286,0.3106986531986532,0.0,0.0428571428571428,0.4142857142857143,0.2723256373256373,0.0
567,0.0714285714285714,0.4285714285714285,0.3935359547859547,0.0,0.0428571428571428,0.4142857142857143,0.2723256373256373,0.0
568,0.0714285714285714,0.4142857142857142,0.311082251082251,0.0,0.0428571428571428,0.4142857142857143,0.2723256373256373,0.0
569,0.0714285714285714,0.3999999999999999,0.2994486531986532,0.0,0.0428571428571428,0.4142857142857143,0.2723256373256373,0.0
570,0.0857142857142857,0.4285714285714285,0.3571986531986532,0.0,0.0428571428571428,0.4142857142857143,0.2723256373256373,0.0
571,0.0714285714285714,0.4285714285714285,0.3715319865319865,0.0,0.0428571428571428,0.4142857142857143,0.2723256373256373,0.0
572,0.0714285714285714,0.4428571428571428,0.3354208754208754,0.0,0.0428571428571428,0.4142857142857143,0.2723256373256373,0.0
573,0.0714285714285714,0.4428571428571428,0.3315808265808265,0.0,0.0428571428571428,0.4142857142857143,0.2723256373256373,0.0
574,0.0714285714285714,0.4285714285714285,0.3054923039923039,0.0,0.0428571428571428,0.4142857142857143,0.2723256373256373,0.0
575,0.0571428571428571,0.3857142857142857,0.4311616161616161,0.0,0.0428571428571428,0.4142857142857143,0.2723256373256373,0.0
576,0.0714285714285714,0.4,0.3228703703703703,0.0,0.0428571428571428,0.4142857142857143,0.2723256373256373,0.0
577,0.0714285714285714,0.4428571428571429,0.3213930976430976,0.0,0.0428571428571428,0.4142857142857143,0.2723256373256373,0.0
578,0.0714285714285714,0.3428571428571428,0.4028451178451178,0.0,0.0428571428571428,0.4142857142857143,0.2723256373256373,0.0
579,0.0714285714285714,0.4142857142857143,0.395976430976431,0.0,0.0428571428571428,0.4142857142857143,0.2723256373256373,0.0
580,0.0714285714285714,0.4428571428571428,0.3168692881192881,0.0,0.0428571428571428,0.4142857142857143,0.2723256373256373,0.0
581,0.0714285714285714,0.4285714285714285,0.3395743145743146,0.0,0.0428571428571428,0.4142857142857143,0.2723256373256373,0.0
582,0.0571428571428571,0.4142857142857143,0.2942039442039442,0.0,0.0428571428571428,0.4142857142857143,0.2723256373256373,0.0
583,0.0571428571428571,0.3999999999999999,0.2801430976430976,0.0,0.0428571428571428,0.4142857142857143,0.2723256373256373,0.0
584,0.0714285714285714,0.3857142857142857,0.2991708754208754,0.0,0.0428571428571428,0.4142857142857143,0.2723256373256373,0.0
585,0.0857142857142857,0.4428571428571428,0.3763851611351611,0.0,0.0428571428571428,0.4142857142857143,0.2723256373256373,0.0
586,0.0714285714285714,0.4428571428571428,0.3092845117845118,0.0,0.0428571428571428,0.4142857142857143,0.2723256373256373,0.0
587,0.0714285714285714,0.4571428571428571,0.3220448070448071,0.0,0.0428571428571428,0.4142857142857143,0.2723256373256373,0.0
588,0.0714285714285714,0.4571428571428571,0.3102987752987753,0.0,0.0428571428571428,0.4142857142857143,0.2723256373256373,0.0
589,0.0571428571428571,0.4428571428571429,0.292039923039923,0.0,0.0428571428571428,0.4142857142857143,0.2723256373256373,0.0
590,0.0571428571428571,0.4142857142857143,0.2485925925925926,0.0,0.0428571428571428,0.4142857142857143,0.2723256373256373,0.0
591,0.0714285714285714,0.3857142857142857,0.4493891293891294,0.0,0.0428571428571428,0.4142857142857143,0.2723256373256373,0.0
592,0.0714285714285714,0.4571428571428571,0.3372432197432197,0.0,0.0428571428571428,0.4142857142857143,0.2723256373256373,0.0
593,0.0714285714285714,0.4428571428571429,0.30872113997114,0.0,0.0428571428571428,0.4142857142857143,0.2723256373256373,0.0
594,0.0714285714285714,0.4285714285714285,0.3715319865319865,0.0,0.0428571428571428,0.4142857142857143,0.2723256373256373,0.0
595,0.0714285714285714,0.4285714285714285,0.3220315795315794,0.0,0.0428571428571428,0.4142857142857143,0.2723256373256373,0.0
596,0.0571428571428571,0.4285714285714285,0.3247171717171717,0.0,0.0428571428571428,0.4142857142857143,0.2723256373256373,0.0
597,0.0714285714285714,0.4285714285714285,0.3188480038480038,0.0,0.0428571428571428,0.4142857142857143,0.2723256373256373,0.0
598,0.0571428571428571,0.4285714285714285,0.2719883357383357,0.0,0.0428571428571428,0.4142857142857143,0.2723256373256373,0.0
599,0.0714285714285714,0.4285714285714285,0.3658350168350168,0.0,0.0428571428571428,0.4142857142857143,0.2723256373256373,0.0
600,0.0714285714285714,0.4142857142857143,0.2699843674843675,0.0,0.0428571428571428,0.4142857142857143,0.2723256373256373,0.0
601,0.0857142857142857,0.4571428571428572,0.3407636715136715,0.0,0.0428571428571428,0.4142857142857143,0.2723256373256373,0.0
602,0.0714285714285714,0.3857142857142857,0.2784764309764309,0.0,0.0428571428571428,0.4142857142857143,0.2723256373256373,0.0
603,0.0857142857142857,0.4571428571428571,0.3547859547859547,0.0,0.0428571428571428,0.4142857142857143,0.2723256373256373,0.0
604,0.0714285714285714,0.4,,0.0,0.0428571428571428,0.4142857142857143,0.2723256373256373,0.0
605,0.0714285714285714,0.4142857142857143,0.3561616161616162,0.0,0.0428571428571428,0.4142857142857143,0.2723256373256373,0.0
606,0.0714285714285714,0.4285714285714285,0.3284657472157472,0.0,0.0428571428571428,0.4142857142857143,0.2723256373256373,0.0
607,0.0714285714285714,0.3714285714285714,0.4352621452621452,0.0,0.0428571428571428,0.4142857142857143,0.2723256373256373,0.0
608,0.0857142857142857,0.4428571428571429,0.320484977984978,0.0,0.0428571428571428,0.4142857142857143,0.2723256373256373,0.0
609,0.0714285714285714,0.4142857142857143,0.3759764309764309,0.0,0.0428571428571428,0.4142857142857143,0.2723256373256373,0.0
610,0.0714285714285714,0.4285714285714285,0.3372396584896585,0.0,0.0428571428571428,0.4142857142857143,0.2723256373256373,0.0
611,0.0571428571428571,0.4285714285714285,0.3046885521885522,0.0,0.0428571428571428,0.4142857142857143,0.2723256373256373,0.0
612,0.0714285714285714,0.4285714285714285,0.3247396584896584,0.0,0.0428571428571428,0.4142857142857143,0.2723256373256373,0.0
613,0.0714285714285714,0.4285714285714285,0.3029025604025604,0.0,0.0428571428571428,0.4142857142857143,0.2723256373256373,0.0
614,0.0714285714285714,0.4142857142857143,0.326976430976431,0.0,0.0428571428571428,0.4142857142857143,0.2723256373256373,0.0
615,0.0714285714285714,0.4428571428571429,0.3281986531986531,0.0,0.0428571428571428,0.4142857142857143,0.2723256373256373,0.0
616,0.0714285714285714,0.4285714285714285,0.3196470658970659,0.0,0.0428571428571428,0.4142857142857143,0.2723256373256373,0.0
617,0.0714285714285714,0.4285714285714285,0.3546470658970659,0.0,0.0428571428571428,0.4142857142857143,0.2723256373256373,0.0
618,0.0714285714285714,0.4285714285714285,0.3429208754208753,0.0,0.0428571428571428,0.4142857142857143,0.2723256373256373,0.0
619,0.0714285714285714,0.4285714285714285,0.3054376641876641,0.0,0.0428571428571428,0.4142857142857143,0.2723256373256373,0.0
620,0.0857142857142857,0.4285714285714285,0.3644974932474932,0.0,0.0428571428571428,0.4142857142857143,0.2723256373256373,0.0
621,0.0714285714285714,0.4285714285714285,0.4220994468494468,0.0,0.0428571428571428,0.4142857142857143,0.2723256373256373,0.0
622,0.0714285714285714,0.4142857142857142,0.3471933621933621,0.0,0.0428571428571428,0.4142857142857143,0.2723256373256373,0.0
623,0.0857142857142857,0.4428571428571428,0.3627026214526214,0.0,0.0428571428571428,0.4142857142857143,0.2723256373256373,0.0
624,0.0857142857142857,0.4428571428571428,0.3766403503903503,0.0,0.0428571428571428,0.4142857142857143,0.2723256373256373,0.0
625,0.0714285714285714,0.4428571428571429,0.3763415103415103,0.0,0.0428571428571428,0.4142857142857143,0.2723256373256373,0.0
626,0.0714285714285714,0.4,0.3081284456284456,0.0,0.0428571428571428,0.4142857142857143,0.2723256373256373,0.0
627,0.0857142857142857,0.4571428571428571,0.3638137325637325,0.0,0.0428571428571428,0.4142857142857143,0.2723256373256373,0.0
628,0.0714285714285714,0.4142857142857143,0.3111986531986532,0.0,0.0428571428571428,0.4142857142857143,0.2723256373256373,0.0
629,0.0714285714285714,0.3999999999999999,0.4155796055796055,0.0,0.0428571428571428,0.4142857142857143,0.2723256373256373,0.0
630,0.0714285714285714,0.4285714285714285,0.3349430199430199,0.0,0.0428571428571428,0.4142857142857143,0.2723256373256373,0.0
631,0.0857142857142857,0.4571428571428571,0.3547859547859547,0.0,0.0428571428571428,0.4142857142857143,0.2723256373256373,0.0
632,0.0571428571428571,0.3999999999999999,0.2751430976430976,0.0,0.0428571428571428,0.4142857142857143,0.2723256373256373,0.0
633,0.0857142857142857,0.4571428571428571,0.3564526214526214,0.0,0.0428571428571428,0.4142857142857143,0.2723256373256373,0.0
634,0.0714285714285714,0.4142857142857143,0.2807996632996633,0.0,0.0428571428571428,0.4142857142857143,0.2723256373256373,0.0
635,0.0714285714285714,0.4285714285714285,0.3667171717171716,0.0,0.0428571428571428,0.4142857142857143,0.2723256373256373,0.0
636,0.0714285714285714,0.4571428571428572,0.309053354053354,0.0,0.0428571428571428,0.4142857142857143,0.2723256373256373,0.0
637,0.0857142857142857,0.4142857142857143,0.3378653198653198,0.0,0.0428571428571428,0.4142857142857143,0.2723256373256373,0.0
638,0.0714285714285714,0.3999999999999999,0.2756391293891293,0.0,0.0428571428571428,0.4142857142857143,0.2723256373256373,0.0
639,0.0714285714285714,0.4142857142857143,0.3084208754208754,0.0,0.0428571428571428,0.4142857142857143,0.2723256373256373,0.0
640,0.0714285714285714,0.4142857142857143,0.3380002405002405,0.0,0.0428571428571428,0.4142857142857143,0.2723256373256373,0.0
641,0.0571428571428571,0.4142857142857142,0.2656589706589706,0.0,0.0428571428571428,0.4142857142857143,0.2723256373256373,0.0
642,0.0714285714285714,0.3999999999999999,0.3132996632996633,0.0,0.0428571428571428,0.4142857142857143,0.2723256373256373,0.0
643,0.0571428571428571,0.3999999999999999,0.2711153198653198,0.0,0.0428571428571428,0.4142857142857143,0.2723256373256373,0.0
644,0.0714285714285714,0.3857142857142857,0.2783375420875421,0.0,0.0428571428571428,0.4142857142857143,0.2723256373256373,0.0
645,0.0857142857142857,0.4285714285714285,0.3975637325637325,0.0,0.0428571428571428,0.4142857142857143,0.2723256373256373,0.0
646,0.0571428571428571,0.3714285714285714,0.2483838383838384,0.0,0.0428571428571428,0.4142857142857143,0.2723256373256373,0.0
647,0.0714285714285714,0.4428571428571428,0.3492718855218855,0.0,0.0428571428571428,0.4142857142857143,0.2723256373256373,0.0
648,0.0714285714285714,0.4571428571428571,0.3171655844155844,0.0,0.0428571428571428,0.4142857142857143,0.2723256373256373,0.0
649,0.0714285714285714,0.3857142857142857,0.2633213083213083,0.0,0.0428571428571428,0.4142857142857143,0.2723256373256373,0.0
650,0.0571428571428571,0.4142857142857143,0.2327224627224627,0.0,0.0428571428571428,0.4142857142857143,0.2723256373256373,0.0
651,0.0714285714285714,0.4428571428571429,0.2887581770081769,0.0,0.0428571428571428,0.4142857142857143,0.2723256373256373,0.0
652,0.0714285714285714,0.4142857142857142,0.3717798497798497,0.0,0.0428571428571428,0.4142857142857143,0.2723256373256373,0.0
653,0.0714285714285714,0.4428571428571428,0.3213888888888889,0.0,0.0428571428571428,0.4142857142857143,0.2723256373256373,0.0
654,0.0714285714285714,0.4571428571428571,0.3163600288600288,0.0,0.0428571428571428,0.4142857142857143,0.2723256373256373,0.0
655,0.0857142857142857,0.4428571428571428,0.3831192881192881,0.0,0.0428571428571428,0.4142857142857143,0.2723256373256373,0.0
656,0.0857142857142857,0.4571428571428571,0.3635954785954786,0.0,0.0428571428571428,0.4142857142857143,0.2723256373256373,0.0
657,0.0714285714285714,0.4571428571428571,0.3234208754208754,0.0,0.0428571428571428,0.4142857142857143,0.2723256373256373,0.0
658,0.0714285714285714,0.4142857142857143,0.3691510341510341,0.0,0.0428571428571428,0.4142857142857143,0.2723256373256373,0.0
659,0.0857142857142857,0.4428571428571429,0.3642303992303992,0.0,0.0428571428571428,0.4142857142857143,0.2723256373256373,0.0
660,0.0857142857142857,0.4285714285714285,0.3942303992303992,0.0,0.0428571428571428,0.4142857142857143,0.2723256373256373,0.0
661,0.0857142857142857,0.4285714285714285,0.3644974932474932,0.0,0.0428571428571428,0.4142857142857143,0.2723256373256373,0.0
662,0.0714285714285714,0.5,0.2938796296296296,0.0,0.0428571428571428,0.4142857142857143,0.2723256373256373,0.0
663,0.0857142857142857,0.4428571428571429,0.3748494468494468,0.0,0.0428571428571428,0.4142857142857143,0.2723256373256373,0.0
664,0.0714285714285714,0.4428571428571428,0.3181086043586043,0.0,0.0428571428571428,0.4142857142857143,0.2723256373256373,0.0
665,0.0714285714285714,0.4571428571428571,0.3376113516113516,0.0,0.0428571428571428,0.4142857142857143,0.2723256373256373,0.0
666,0.0857142857142857,0.4285714285714285,0.3313549413549413,0.0,0.0428571428571428,0.4142857142857143,0.2723256373256373,0.0
667,0.0857142857142857,0.4571428571428571,0.3577621452621452,0.0,0.0428571428571428,0.4142857142857143,0.2723256373256373,0.0
668,0.0714285714285714,0.3428571428571428,0.3723256373256373,0.0,0.0428571428571428,0.4142857142857143,0.2723256373256373,0.0
669,0.0714285714285714,0.4285714285714285,0.3708350168350168,0.0,0.0428571428571428,0.4142857142857143,0.2723256373256373,0.0
670,0.0714285714285714,0.4285714285714285,0.3017151367151367,0.0,0.0428571428571428,0.4142857142857143,0.2723256373256373,0.0
671,0.0714285714285714,0.4142857142857143,0.3085796055796056,0.0,0.0428571428571428,0.4142857142857143,0.2723256373256373,0.0
672,0.0714285714285714,0.4142857142857142,0.3743891293891294,0.0,0.0428571428571428,0.4142857142857143,0.2723256373256373,0.0
673,0.0714285714285714,0.4285714285714285,0.2894901394901394,0.0,0.0428571428571428,0.4142857142857143,0.2723256373256373,0.0
674,0.0714285714285714,0.4285714285714285,0.3082996632996632,0.0,0.0428571428571428,0.4142857142857143,0.2723256373256373,0.0
675,0.0714285714285714,0.4428571428571429,0.3221836959336959,0.0,0.0428571428571428,0.4142857142857143,0.2723256373256373,0.0
676,0.0714285714285714,0.4285714285714285,0.3256430976430976,0.0,0.0428571428571428,0.4142857142857143,0.2723256373256373,0.0
677,0.0714285714285714,0.4142857142857143,0.2770496632996632,0.0,0.0428571428571428,0.4142857142857143,0.2723256373256373,0.0
678,0.0714285714285714,0.4428571428571428,0.3171338383838383,0.0,0.0428571428571428,0.4142857142857143,0.2723256373256373,0.0
679,0.0571428571428571,0.4285714285714285,0.2491510341510341,0.0,0.0428571428571428,0.4142857142857143,0.2723256373256373,0.0
680,0.0857142857142857,0.4428571428571428,0.3604208754208754,0.0,0.0428571428571428,0.4142857142857143,0.2723256373256373,0.0
681,0.0571428571428571,0.3857142857142857,0.4006060606060606,0.0,0.0428571428571428,0.4142857142857143,0.2723256373256373,0.0
682,0.0714285714285714,0.4285714285714285,0.4769486531986532,0.0,0.0428571428571428,0.4142857142857143,0.2723256373256373,0.0
683,0.0714285714285714,0.3999999999999999,0.2692171717171717,0.0,0.0428571428571428,0.4142857142857143,0.2723256373256373,0.0
684,0.0571428571428571,0.4142857142857142,0.3174116161616161,0.0,0.0428571428571428,0.4142857142857143,0.2723256373256373,0.0
685,0.0714285714285714,0.3714285714285714,0.4391005291005291,0.0,0.0428571428571428,0.4142857142857143,0.2723256373256373,0.0
686,0.0714285714285714,0.4428571428571429,0.3217670292670292,0.0,0.0428571428571428,0.4142857142857143,0.2723256373256373,0.0
687,0.0714285714285714,0.4428571428571428,0.3315808265808265,0.0,0.0428571428571428,0.4142857142857143,0.2723256373256373,0.0
688,0.0714285714285714,0.4714285714285714,0.3443097643097642,0.0,0.0428571428571428,0.4142857142857143,0.2723256373256373,0.0
689,0.0714285714285714,0.4142857142857142,0.3525637325637326,0.0,0.0428571428571428,0.4142857142857143,0.2723256373256373,0.0
690,0.0714285714285714,0.4428571428571429,0.2823653198653199,0.0,0.0428571428571428,0.4142857142857143,0.2723256373256373,0.0
691,0.0714285714285714,0.4142857142857143,0.3230875420875421,0.0,0.0428571428571428,0.4142857142857143,0.2723256373256373,0.0
692,0.0857142857142857,0.4571428571428571,0.3709932197432197,0.0,0.0428571428571428,0.4142857142857143,0.2723256373256373,0.0
693,0.0714285714285714,0.3999999999999999,0.359018759018759,0.0,0.0428571428571428,0.4142857142857143,0.2723256373256373,0.0
694,0.0714285714285714,0.4285714285714285,0.3285252710252709,0.0,0.0428571428571428,0.4142857142857143,0.2723256373256373,0.0
695,0.0714285714285714,0.4285714285714285,0.3329575054575054,0.0,0.0428571428571428,0.4142857142857143,0.2723256373256373,0.0
696,0.0714285714285714,0.4428571428571429,0.3381192881192881,0.0,0.0428571428571428,0.4142857142857143,0.2723256373256373,0.0
697,0.0714285714285714,0.4142857142857143,0.2755925925925925,0.0,0.0428571428571428,0.4142857142857143,0.2723256373256373,0.0
698,0.0714285714285714,0.4714285714285713,0.3398851611351611,0.0,0.0428571428571428,0.4142857142857143,0.2723256373256373,0.0
699,0.0714285714285714,0.4285714285714285,0.3240875420875421,0.0,0.0428571428571428,0.4142857142857143,0.2723256373256373,0.0
700,0.0714285714285714,0.4285714285714285,0.3361982461982462,0.0,0.0428571428571428,0.4142857142857143,0.2723256373256373,0.0
701,0.0857142857142857,0.4428571428571428,0.3997859547859548,0.0,0.0428571428571428,0.4142857142857143,0.2723256373256373,0.0
702,0.0571428571428571,0.4,0.2940187590187589,0.0,0.0428571428571428,0.4142857142857143,0.2723256373256373,0.0
703,0.0714285714285714,0.4714285714285714,0.2898018278018278,0.0,0.0428571428571428,0.4142857142857143,0.2723256373256373,0.0
704,0.0857142857142857,0.4714285714285714,0.3469023569023569,0.0,0.0428571428571428,0.4142857142857143,0.2723256373256373,0.0
705,0.0571428571428571,0.4571428571428571,0.2874446849446849,0.0,0.0428571428571428,0.4142857142857143,0.2723256373256373,0.0
706,0.0714285714285714,0.4428571428571429,0.287805796055796,0.0,0.0428571428571428,0.4142857142857143,0.2723256373256373,0.0
707,0.0714285714285714,0.4142857142857143,0.340039923039923,0.0,0.0428571428571428,0.4142857142857143,0.2723256373256373,0.0
708,0.0714285714285714,0.4142857142857142,0.3665319865319865,0.0,0.0428571428571428,0.4142857142857143,0.2723256373256373,0.0
709,0.0714285714285714,0.4000000000000001,0.262087542087542,0.0,0.0428571428571428,0.4142857142857143,0.2723256373256373,0.0
710,0.0714285714285714,0.4714285714285713,0.2851241721241721,0.0,0.0428571428571428,0.4142857142857143,0.2723256373256373,0.0
711,0.0714285714285714,0.4571428571428571,0.3436351611351611,0.0,0.0428571428571428,0.4142857142857143,0.2723256373256373,0.0
712,0.0714285714285714,0.4142857142857142,0.3680597643097642,0.0,0.0428571428571428,0.4142857142857143,0.2723256373256373,0.0
713,0.0714285714285714,0.4285714285714285,0.3319347781847782,0.0,0.0428571428571428,0.4142857142857143,0.2723256373256373,0.0
714,0.0857142857142857,0.4285714285714285,0.3592303992303992,0.0,0.0428571428571428,0.4142857142857143,0.2723256373256373,0.0
715,0.0714285714285714,0.4,0.3602621452621452,0.0,0.0428571428571428,0.4142857142857143,0.2723256373256373,0.0
716,0.0714285714285714,0.4571428571428571,0.3468860768860768,0.0,0.0428571428571428,0.4142857142857143,0.2723256373256373,0.0
717,0.0714285714285714,0.4428571428571429,0.3339764309764309,0.0,0.0428571428571428,0.4142857142857143,0.2723256373256373,0.0
718,0.0714285714285714,0.4285714285714285,0.3092303992303992,0.0,0.0428571428571428,0.4142857142857143,0.2723256373256373,0.0
719,0.0714285714285714,0.4571428571428572,0.3384684944684944,0.0,0.0428571428571428,0.4142857142857143,0.2723256373256373,0.0
720,0.0714285714285714,0.4285714285714285,0.2549035594035594,0.0,0.0428571428571428,0.4142857142857143,0.2723256373256373,0.0
721,0.0714285714285714,0.4571428571428571,0.309087542087542,0.0,0.0428571428571428,0.4142857142857143,0.2723256373256373,0.0
722,0.0857142857142857,0.4428571428571428,0.3731192881192881,0.0,0.0428571428571428,0.4142857142857143,0.2723256373256373,0.0
723,0.0714285714285714,0.4428571428571429,0.3329208754208753,0.0,0.0428571428571428,0.4142857142857143,0.2723256373256373,0.0
724,0.0714285714285714,0.4142857142857143,0.3556060606060606,0.0,0.0428571428571428,0.4142857142857143,0.2723256373256373,0.0
725,0.0714285714285714,0.4428571428571429,0.3287912457912457,0.0,0.0428571428571428,0.4142857142857143,0.2723256373256373,0.0
726,0.0714285714285714,0.4142857142857142,0.3737481037481037,0.0,0.0428571428571428,0.4142857142857143,0.2723256373256373,0.0
727,0.0714285714285714,0.4428571428571429,0.3509923039923039,0.0,0.0428571428571428,0.4142857142857143,0.2723256373256373,0.0
728,0.0714285714285714,0.4142857142857143,0.3025042087542088,0.0,0.0428571428571428,0.4142857142857143,0.2723256373256373,0.0
729,0.0714285714285714,0.4142857142857143,0.2925042087542087,0.0,0.0428571428571428,0.4142857142857143,0.2723256373256373,0.0
730,0.0714285714285714,0.4285714285714285,0.3333970658970659,0.0,0.0428571428571428,0.4142857142857143,0.2723256373256373,0.0
731,0.0714285714285714,0.4571428571428571,0.3215227272727272,0.0,0.0428571428571428,0.4142857142857143,0.2723256373256373,0.0
732,0.0714285714285714,0.4142857142857143,0.3035016835016835,0.0,0.0428571428571428,0.4142857142857143,0.2723256373256373,0.0
733,0.0571428571428571,0.4571428571428571,0.3254183501683502,0.0,0.0428571428571428,0.4142857142857143,0.2723256373256373,0.0
734,0.0571428571428571,0.3999999999999999,0.2877819865319865,0.0,0.0428571428571428,0.4142857142857143,0.2723256373256373,0.0
735,0.0714285714285714,0.4428571428571428,0.2745280182780183,0.0,0.0428571428571428,0.4142857142857143,0.2723256373256373,0.0
736,0.0714285714285714,0.4428571428571429,0.3312330632330632,0.0,0.0428571428571428,0.4142857142857143,0.2723256373256373,0.0
737,0.0714285714285714,0.4428571428571428,0.3331481481481481,0.0,0.0428571428571428,0.4142857142857143,0.2723256373256373,0.0
738,0.0714285714285714,0.4428571428571428,0.306031746031746,0.0,0.0428571428571428,0.4142857142857143,0.2723256373256373,0.0
739,0.0714285714285714,0.4285714285714285,0.338476430976431,0.0,0.0428571428571428,0.4142857142857143,0.2723256373256373,0.0
740,0.0714285714285714,0.4142857142857143,0.3755218855218855,0.0,0.0428571428571428,0.4142857142857143,0.2723256373256373,0.0
741,0.0857142857142857,0.4571428571428571,0.354161616161616,0.0,0.0428571428571428,0.4142857142857143,0.2723256373256373,0.0
742,0.0571428571428571,0.4285714285714285,0.2739345839345838,0.0,0.0428571428571428,0.4142857142857143,0.2723256373256373,0.0
743,0.0571428571428571,0.3999999999999999,0.3006060606060605,0.0,0.0428571428571428,0.4142857142857143,0.2723256373256373,0.0
744,0.0714285714285714,0.4428571428571428,0.3258044733044732,0.0,0.0428571428571428,0.4142857142857143,0.2723256373256373,0.0
745,0.0714285714285714,0.4428571428571428,0.3171338383838383,0.0,0.0428571428571428,0.4142857142857143,0.2723256373256373,0.0
746,0.0714285714285714,0.4571428571428571,0.3051188811188811,0.0,0.0428571428571428,0.4142857142857143,0.2723256373256373,0.0
747,0.0714285714285714,0.3857142857142857,0.313035853035853,0.0,0.0428571428571428,0.4142857142857143,0.2723256373256373,0.0
748,0.0714285714285714,0.4285714285714286,0.328025493025493,0.0,0.0428571428571428,0.4142857142857143,0.2723256373256373,0.0
749,0.0714285714285714,0.4714285714285714,0.3150954785954785,0.0,0.0428571428571428,0.4142857142857143,0.2723256373256373,0.0
750,0.0714285714285714,0.4428571428571429,0.3160648148148147,0.0,0.0428571428571428,0.4142857142857143,0.2723256373256373,0.0
751,0.0714285714285714,0.4142857142857143,0.335050505050505,0.0,0.0428571428571428,0.4142857142857143,0.2723256373256373,0.0
752,0.0714285714285714,0.4428571428571428,0.2918560606060606,0.0,0.0428571428571428,0.4142857142857143,0.2723256373256373,0.0
753,0.0857142857142857,0.4428571428571429,0.3763579938579938,0.0,0.0428571428571428,0.4142857142857143,0.2723256373256373,0.0
754,0.0714285714285714,0.4285714285714285,0.3729803992303993,0.0,0.0428571428571428,0.4142857142857143,0.2723256373256373,0.0
755,0.0714285714285714,0.4000000000000001,0.262087542087542,0.0,0.0428571428571428,0.4142857142857143,0.2723256373256373,0.0
756,0.0714285714285714,0.4,0.4006986531986531,0.0,0.0428571428571428,0.4142857142857143,0.2723256373256373,0.0
757,0.0714285714285714,0.4428571428571428,0.3156060606060605,0.0,0.0428571428571428,0.4142857142857143,0.2723256373256373,0.0
758,0.0857142857142857,0.4428571428571429,0.3477026214526214,0.0,0.0428571428571428,0.4142857142857143,0.2723256373256373,0.0
759,0.0714285714285714,0.3999999999999999,0.2881986531986532,0.0,0.0428571428571428,0.4142857142857143,0.2723256373256373,0.0
760,0.0857142857142857,0.4142857142857142,0.3686748436748436,0.0,0.0428571428571428,0.4142857142857143,0.2723256373256373,0.0
761,0.0714285714285714,0.3857142857142857,0.3398653198653198,0.0,0.0428571428571428,0.4142857142857143,0.2723256373256373,0.0
762,0.0714285714285714,0.4142857142857143,0.4809764309764309,0.0,0.0428571428571428,0.4142857142857143,0.2723256373256373,0.0
763,0.0714285714285714,0.4285714285714285,0.324481721981722,0.0,0.0428571428571428,0.4142857142857143,0.2723256373256373,0.0
764,0.0714285714285714,0.4142857142857142,0.3903613516113516,0.0,0.0428571428571428,0.4142857142857143,0.2723256373256373,0.0
765,0.0714285714285714,0.4428571428571428,0.3022727272727272,0.0,0.0428571428571428,0.4142857142857143,0.2723256373256373,0.0
766,0.0714285714285714,0.4285714285714285,0.3312908387908387,0.0,0.0428571428571428,0.4142857142857143,0.2723256373256373,0.0
767,0.0714285714285714,0.4571428571428571,0.2612546897546897,0.0,0.0428571428571428,0.4142857142857143,0.2723256373256373,0.0
768,0.0714285714285714,0.4428571428571428,0.2906060606060606,0.0,0.0428571428571428,0.4142857142857143,0.2723256373256373,0.0
769,0.0714285714285714,0.4142857142857143,0.3108375420875421,0.0,0.0428571428571428,0.4142857142857143,0.2723256373256373,0.0
770,0.0857142857142857,0.4571428571428571,0.3588018278018278,0.0,0.0428571428571428,0.4142857142857143,0.2723256373256373,0.0
771,0.0714285714285714,0.4428571428571429,0.2906192881192881,0.0,0.0428571428571428,0.4142857142857143,0.2723256373256373,0.0
772,0.0714285714285714,0.4142857142857142,0.3340319865319864,0.0,0.0428571428571428,0.4142857142857143,0.2723256373256373,0.0
773,0.0571428571428571,0.3857142857142857,,0.0,0.0428571428571428,0.4142857142857143,0.2723256373256373,0.0
774,0.0714285714285714,0.4000000000000001,0.262087542087542,0.0,0.0428571428571428,0.4142857142857143,0.2723256373256373,0.0
775,0.0714285714285714,0.4285714285714285,0.3234499759499759,0.0,0.0428571428571428,0.4142857142857143,0.2723256373256373,0.0
776,0.0571428571428571,0.4571428571428571,0.3089208754208754,0.0,0.0428571428571428,0.4142857142857143,0.2723256373256373,0.0
777,0.0714285714285714,0.4428571428571428,0.3340808265808265,0.0,0.0428571428571428,0.4142857142857143,0.2723256373256373,0.0
778,0.0571428571428571,0.4285714285714285,0.293525271025271,0.0,0.0428571428571428,0.4142857142857143,0.2723256373256373,0.0
779,0.0714285714285714,0.4285714285714285,0.3234700854700855,0.0,0.0428571428571428,0.4142857142857143,0.2723256373256373,0.0
780,0.0714285714285714,0.4142857142857142,0.4538732563732563,0.0,0.0428571428571428,0.4142857142857143,0.2723256373256373,0.0
781,0.0714285714285714,0.4285714285714285,0.3469949494949494,0.0,0.0428571428571428,0.4142857142857143,0.2723256373256373,0.0
782,0.0714285714285714,0.4285714285714286,0.2682996632996633,0.0,0.0428571428571428,0.4142857142857143,0.2723256373256373,0.0
783,0.0714285714285714,0.4571428571428571,0.3054116161616161,0.0,0.0428571428571428,0.4142857142857143,0.2723256373256373,0.0
784,0.0571428571428571,0.4428571428571429,0.256603415103415,0.0,0.0428571428571428,0.4142857142857143,0.2723256373256373,0.0
785,0.0571428571428571,0.3714285714285714,0.2893097643097643,0.0,0.0428571428571428,0.4142857142857143,0.2723256373256373,0.0
786,0.0714285714285714,0.4428571428571429,0.3486060606060606,0.0,0.0428571428571428,0.4142857142857143,0.2723256373256373,0.0
787,0.0714285714285714,0.4428571428571429,0.3503097643097643,0.0,0.0428571428571428,0.4142857142857143,0.2723256373256373,0.0
788,0.0714285714285714,0.4142857142857142,0.3615808265808266,0.0,0.0428571428571428,0.4142857142857143,0.2723256373256373,0.0
789,0.0571428571428571,0.4571428571428572,0.3056325156325156,0.0,0.0428571428571428,0.4142857142857143,0.2723256373256373,0.0
790,0.0714285714285714,0.4285714285714285,0.3467965367965368,0.0,0.0428571428571428,0.4142857142857143,0.2723256373256373,0.0
791,0.0571428571428571,0.4142857142857142,0.2975042087542087,0.0,0.0428571428571428,0.4142857142857143,0.2723256373256373,0.0
792,0.0714285714285714,0.4714285714285713,0.3120011562511562,0.0,0.0428571428571428,0.4142857142857143,0.2723256373256373,0.0
793,0.0857142857142857,0.4285714285714285,0.3619501794501794,0.0,0.0428571428571428,0.4142857142857143,0.2723256373256373,0.0
794,0.0714285714285714,0.4142857142857143,0.2568097643097643,0.0,0.0428571428571428,0.4142857142857143,0.2723256373256373,0.0
795,0.0714285714285714,0.4142857142857143,0.3709764309764309,0.0,0.0428571428571428,0.4142857142857143,0.2723256373256373,0.0
796,0.0571428571428571,0.4142857142857143,0.2662163299663299,0.0,0.0428571428571428,0.4142857142857143,0.2723256373256373,0.0
797,0.0571428571428571,0.4,0.2662037037037036,0.0,0.0428571428571428,0.4142857142857143,0.2723256373256373,0.0
798,0.0714285714285714,0.4428571428571429,0.3179248436748436,0.0,0.0428571428571428,0.4142857142857143,0.2723256373256373,0.0
799,0.0714285714285714,0.4285714285714285,0.3432659932659933,0.0,0.0428571428571428,0.4142857142857143,0.2723256373256373,0.0
800,0.0714285714285714,0.4428571428571428,0.341981314981315,0.0,0.0428571428571428,0.4142857142857143,0.2723256373256373,0.0
801,0.0571428571428571,0.4428571428571429,0.3074538424538424,0.0,0.0428571428571428,0.4142857142857143,0.2723256373256373,0.0
802,0.0714285714285714,0.3999999999999999,0.2952819865319865,0.0,0.0428571428571428,0.4142857142857143,0.2723256373256373,0.0
803,0.0714285714285714,0.4142857142857143,0.3329076479076479,0.0,0.0428571428571428,0.4142857142857143,0.2723256373256373,0.0
804,0.0714285714285714,0.4285714285714285,0.3291430976430977,0.0,0.0428571428571428,0.4142857142857143,0.2723256373256373,0.0
805,0.0714285714285714,0.4285714285714285,0.3412872775372775,0.0,0.0428571428571428,0.4142857142857143,0.2723256373256373,0.0
806,0.0714285714285714,0.4571428571428572,0.2942859547859548,0.0,0.0428571428571428,0.4142857142857143,0.2723256373256373,0.0
807,0.0714285714285714,0.4285714285714285,0.3092303992303992,0.0,0.0428571428571428,0.4142857142857143,0.2723256373256373,0.0
808,0.0714285714285714,0.4428571428571429,0.3652092352092352,0.0,0.0428571428571428,0.4142857142857143,0.2723256373256373,0.0
809,0.0857142857142857,0.4571428571428571,0.3463653198653199,0.0,0.0428571428571428,0.4142857142857143,0.2723256373256373,0.0
810,0.0857142857142857,0.4714285714285714,0.3535677008177008,0.0,0.0428571428571428,0.4142857142857143,0.2723256373256373,0.0
811,0.0714285714285714,0.4142857142857143,0.3751430976430976,0.0,0.0428571428571428,0.4142857142857143,0.2723256373256373,0.0
812,0.0714285714285714,0.4428571428571428,0.321013061013061,0.0,0.0428571428571428,0.4142857142857143,0.2723256373256373,0.0
813,0.0714285714285714,0.4142857142857143,0.2812163299663299,0.0,0.0428571428571428,0.4142857142857143,0.2723256373256373,0.0
814,0.0714285714285714,0.4285714285714285,0.3048759018759018,0.0,0.0428571428571428,0.4142857142857143,0.2723256373256373,0.0
815,0.0714285714285714,0.4428571428571428,0.3544181281681281,0.0,0.0428571428571428,0.4142857142857143,0.2723256373256373,0.0
816,0.04285714285714286,0.27142857142857146,0.37854256854256857,0.0,0.07142857142857142,0.22857142857142856,0.4683470695970696,0.0
817,0.07142857142857142,0.1714285714285714,0.3418864468864468,0.0,0.07142857142857142,0.19999999999999996,0.3874542124542124,0.0
818,0.05714285714285714,0.18571428571428572,0.35396825396825393,0.0,0.07142857142857142,0.21428571428571427,0.37158119658119654,0.0
819,0.05714285714285714,0.24285714285714288,0.36707015207015214,0.0,0.07142857142857142,0.21428571428571427,0.37158119658119654,0.0
820,0.05714285714285714,0.21428571428571427,0.366417748917749,0.0,0.07142857142857142,0.21428571428571427,0.37574786324786325,0.0
821,0.05714285714285714,0.15714285714285714,,0.0,0.07142857142857142,0.21428571428571427,0.41295024420024423,0.0
822,0.04285714285714286,0.24285714285714283,0.34518759018759015,0.0,0.07142857142857142,0.21428571428571427,0.4153311965811966,0.0
823,0.05714285714285714,0.1857142857142857,0.40861111111111104,0.0,0.07142857142857142,0.19999999999999996,0.3916208791208791,0.0
824,0.05714285714285714,0.17142857142857143,0.4511421911421912,0.0,0.07142857142857142,0.22857142857142856,0.4292399267399268,0.0
825,0.05714285714285714,0.21428571428571427,0.3088359788359788,0.0,0.07142857142857142,0.21428571428571427,0.41372405372405374,0.0
826,0.05714285714285714,0.18571428571428567,0.49029512154512156,0.0,0.07142857142857142,0.21428571428571427,0.4194978632478632,0.0
827,0.05714285714285714,0.21428571428571427,0.45203318903318906,0.0,0.07142857142857142,0.21428571428571427,0.41372405372405374,0.0
828,0.07142857142857142,0.22857142857142856,0.47592207792207797,0.0,0.07142857142857142,0.22857142857142856,0.4308470695970696,0.0
829,0.07142857142857142,0.19999999999999996,0.39328754578754577,0.0,0.07142857142857142,0.2428571428571428,0.42783480408480407,0.0
830,0.04285714285714286,0.27142857142857146,0.3221897546897547,0.0,0.07142857142857142,0.22857142857142856,0.4350137362637362,0.0
831,0.05714285714285714,0.27142857142857146,0.42484704184704175,0.0,0.07142857142857142,0.19999999999999998,0.4178907203907204,0.0
832,0.05714285714285714,0.22857142857142856,0.3670021645021645,0.0,0.07142857142857142,0.21428571428571427,0.37158119658119654,0.0
833,0.05714285714285714,0.18571428571428567,0.39484848484848484,0.0,0.07142857142857142,0.21428571428571427,0.4153311965811966,0.0
834,0.05714285714285714,0.1714285714285714,0.33197802197802195,0.0,0.07142857142857142,0.21428571428571427,0.37574786324786325,0.0
835,0.05714285714285714,0.19999999999999998,0.37863251563251565,0.0,0.07142857142857142,0.21428571428571427,0.4153311965811966,0.0
836,0.05714285714285714,0.17142857142857143,0.42734848484848487,0.0,0.07142857142857142,0.21428571428571427,0.4153311965811966,0.0
837,0.04285714285714286,0.21428571428571427,0.3434217171717172,0.0,0.07142857142857142,0.25714285714285706,0.42599497724497726,0.0
838,0.05714285714285714,0.24285714285714288,0.35068759018759016,0.0,0.07142857142857142,0.19999999999999996,0.4312042124542125,0.0
839,0.07142857142857142,0.24285714285714283,0.3761998556998557,0.0,0.07142857142857142,0.21428571428571427,0.37574786324786325,0.0
840,0.05714285714285714,0.18571428571428572,0.3397113997113997,0.0,0.07142857142857142,0.21428571428571427,0.37574786324786325,0.0
841,0.05714285714285714,0.18571428571428572,0.35879884004884,0.0,0.07142857142857142,0.2428571428571428,0.42783480408480407,0.0
842,0.05714285714285714,0.15714285714285714,0.3407936507936508,0.0,0.07142857142857142,0.21428571428571427,0.36997405372405373,0.0
843,0.05714285714285714,0.17142857142857143,,0.0,0.07142857142857142,0.24285714285714283,0.4528708791208791,0.0
844,0.07142857142857142,0.21428571428571427,0.43178571428571433,0.0,0.07142857142857142,0.19999999999999998,0.37414072039072044,0.0
845,0.05714285714285714,0.22857142857142856,0.4123304473304473,0.0,0.07142857142857142,0.19999999999999996,0.3916208791208791,0.0
846,0.04285714285714286,0.24285714285714283,0.31123737373737376,0.0,0.07142857142857142,0.21428571428571427,0.4153311965811966,0.0
847,0.05714285714285714,0.18571428571428567,0.4097655122655123,0.0,0.07142857142857142,0.21428571428571427,0.4194978632478632,0.0
848,0.05714285714285714,0.18571428571428572,0.33147741147741144,0.0,0.07142857142857142,0.19999999999999996,0.43537087912087913,0.0
849,0.07142857142857142,0.3,0.436049062049062,0.0,0.07142857142857142,0.22857142857142856,0.46257326007326005,0.0
850,0.04285714285714286,0.24285714285714288,0.3156242368742369,0.0,0.07142857142857142,0.21428571428571425,0.4800534188034188,0.0
851,0.05714285714285714,0.2,0.3609126984126984,0.0,0.07142857142857142,0.22857142857142856,0.4308470695970696,0.0
852,0.07142857142857142,0.24285714285714283,0.5017950937950937,0.0,0.07142857142857142,0.21428571428571427,0.4153311965811966,0.0
853,0.04285714285714286,0.27142857142857146,0.2891884041884042,0.0,0.07142857142857142,0.21428571428571427,0.4194978632478632,0.0
854,0.07142857142857142,0.24285714285714283,0.4266955266955267,0.0,0.07142857142857142,0.2285714285714285,0.45763278388278394,0.0
855,0.04285714285714286,0.22857142857142856,0.3342836792836793,0.0,0.07142857142857142,0.19999999999999998,0.4095573870573871,0.0
856,0.05714285714285714,0.2,0.3419047619047619,0.0,0.07142857142857142,0.21428571428571427,0.37158119658119654,0.0
857,0.04285714285714286,0.19999999999999998,0.2389273226773227,0.0,0.07142857142857142,0.18571428571428567,0.39001373626373625,0.0
858,0.04285714285714286,0.17142857142857143,,0.0,0.07142857142857142,0.22857142857142856,0.46673992673992676,0.0
859,0.07142857142857142,0.22857142857142856,0.4605252525252526,0.0,0.07142857142857142,0.22857142857142856,0.46257326007326005,0.0
860,0.05714285714285714,0.21428571428571427,0.39758852258852256,0.0,0.07142857142857142,0.21428571428571427,0.41372405372405374,0.0
861,0.07142857142857142,0.2,0.428034188034188,0.0,0.07142857142857142,0.21428571428571427,0.41372405372405374,0.0
862,0.05714285714285714,0.1571428571428571,0.38383838383838387,0.0,0.07142857142857142,0.21428571428571427,0.36920024420024417,0.0
863,0.05714285714285714,0.1857142857142857,,0.0,0.07142857142857142,0.19999999999999996,0.4288232600732601,0.0
864,0.05714285714285714,0.14285714285714285,0.44452380952380954,0.0,0.07142857142857142,0.21428571428571427,0.41372405372405374,0.0
865,0.04285714285714286,0.2571428571428571,0.3880937950937951,0.0,0.07142857142857142,0.22857142857142856,0.46673992673992676,0.0
866,0.05714285714285714,0.1857142857142857,0.41613756613756614,0.0,0.07142857142857142,0.24285714285714283,0.4528708791208791,0.0
867,0.05714285714285714,0.24285714285714288,0.37046693121693125,0.0,0.07142857142857142,0.21428571428571427,0.4153311965811966,0.0
868,0.05714285714285714,0.2,0.4513293650793651,0.0,0.07142857142857142,0.21428571428571427,0.4153311965811966,0.0
869,0.05714285714285714,0.24285714285714283,0.39836556036556037,0.0,0.07142857142857142,0.21428571428571427,0.4194978632478632,0.0
870,0.04285714285714286,0.21428571428571427,0.40415223665223665,0.0,0.07142857142857142,0.21428571428571427,0.4194978632478632,0.0
871,0.05714285714285714,0.2571428571428571,0.3236094461094461,0.0,0.07142857142857142,0.21428571428571427,0.36997405372405373,0.0
872,0.05714285714285714,0.27142857142857146,0.3867431457431457,0.0,0.07142857142857142,0.19999999999999996,0.43537087912087913,0.0
873,0.07142857142857142,0.22857142857142856,0.3720833333333334,0.0,0.07142857142857142,0.21428571428571427,0.37158119658119654,0.0
874,0.05714285714285714,0.1571428571428571,,0.0,0.07142857142857142,0.21428571428571425,0.47844627594627587,0.0
875,0.05714285714285714,0.2,0.3784126984126984,0.0,0.07142857142857142,0.21428571428571427,0.37574786324786325,0.0
876,0.05714285714285714,0.17142857142857143,0.5206962481962482,0.0,0.07142857142857142,0.18571428571428567,0.39001373626373625,0.0
877,0.05714285714285714,0.2,0.31121031746031746,0.0,0.07142857142857142,0.21428571428571427,0.4153311965811966,0.0
878,0.05714285714285714,0.17142857142857143,,0.0,0.05714285714285714,0.24285714285714283,0.40655053280053277,0.0
879,0.05714285714285714,0.22857142857142856,0.40824134199134193,0.0,0.07142857142857142,0.19999999999999996,0.3916208791208791,0.0
880,0.05714285714285714,0.1857142857142857,0.37393939393939396,0.0,0.07142857142857142,0.19999999999999998,0.4178907203907204,0.0
881,0.07142857142857142,0.1571428571428571,0.5855555555555556,0.0,0.07142857142857142,0.21428571428571427,0.4153311965811966,0.0
882,0.04285714285714286,0.24285714285714283,0.2953515096015096,0.0,0.07142857142857142,0.21428571428571427,0.41295024420024423,0.0
883,0.07142857142857142,0.22857142857142856,0.42540598290598286,0.0,0.07142857142857142,0.21428571428571427,0.41295024420024423,0.0
884,0.04285714285714286,0.24285714285714283,0.25526743626743625,0.0,0.07142857142857142,0.24285714285714283,0.4528708791208791,0.0
885,0.05714285714285714,0.2,0.3319246031746032,0.0,0.07142857142857142,0.22857142857142856,0.46257326007326005,0.0
886,0.07142857142857142,0.18571428571428572,0.47555555555555556,0.0,0.07142857142857142,0.19999999999999996,0.43537087912087913,0.0
887,0.07142857142857142,0.2,0.4185714285714286,0.0,0.07142857142857142,0.21428571428571427,0.4194978632478632,0.0
888,0.05714285714285714,0.17142857142857143,0.3815151515151515,0.0,0.07142857142857142,0.21428571428571427,0.37574786324786325,0.0
889,0.05714285714285714,0.2857142857142857,0.3958239538239538,0.0,0.07142857142857142,0.22857142857142856,0.4641804029304029,0.0
890,0.05714285714285714,0.21428571428571427,0.34925541125541126,0.0,0.07142857142857142,0.21428571428571427,0.4194978632478632,0.0
891,0.07142857142857142,0.2,0.39759971509971515,0.0,0.07142857142857142,0.21428571428571427,0.36920024420024417,0.0
892,0.05714285714285714,0.2571428571428571,0.33786075036075036,0.0,0.07142857142857142,0.19999999999999996,0.3874542124542124,0.0
893,0.05714285714285714,0.24285714285714283,0.38696608946608946,0.0,0.07142857142857142,0.18571428571428567,0.4254304029304029,0.0
894,0.05714285714285714,0.14285714285714285,0.3738888888888889,0.0,0.07142857142857142,0.21428571428571427,0.4194978632478632,0.0
895,0.05714285714285714,0.24285714285714283,0.40629208754208757,0.0,0.07142857142857142,0.24285714285714283,0.4528708791208791,0.0
896,0.05714285714285714,0.2,0.32815656565656565,0.0,0.07142857142857142,0.21428571428571427,0.4153311965811966,0.0
897,0.04285714285714286,0.24285714285714288,0.25732323232323234,0.0,0.07142857142857142,0.21428571428571427,0.4194978632478632,0.0
898,0.05714285714285714,0.2571428571428571,0.3400151515151515,0.0,0.07142857142857142,0.19999999999999998,0.4178907203907204,0.0
899,0.04285714285714286,0.24285714285714283,0.3959680134680135,0.0,0.07142857142857142,0.21428571428571427,0.37158119658119654,0.0
900,0.05714285714285714,0.19999999999999998,0.38982323232323235,0.0,0.07142857142857142,0.21428571428571427,0.4194978632478632,0.0
901,0.05714285714285714,0.22857142857142856,0.5062227032227031,0.0,0.07142857142857142,0.21428571428571427,0.4153311965811966,0.0
902,0.04285714285714286,0.15714285714285714,0.3451388888888889,0.0,0.07142857142857142,0.21428571428571427,0.37158119658119654,0.0
903,0.05714285714285714,0.2,0.4513293650793651,0.0,0.07142857142857142,0.2428571428571428,0.42206099456099455,0.0
904,0.04285714285714286,0.1571428571428571,0.4189285714285715,0.0,0.07142857142857142,0.21428571428571427,0.41295024420024423,0.0
905,0.05714285714285714,0.24285714285714283,0.373047619047619,0.0,0.07142857142857142,0.21428571428571427,0.37158119658119654,0.0
906,0.05714285714285714,0.17142857142857143,0.3705555555555556,0.0,0.07142857142857142,0.21428571428571427,0.36997405372405373,0.0
907,0.04285714285714286,0.2,,0.0,0.07142857142857142,0.21428571428571427,0.37158119658119654,0.0
908,0.07142857142857142,0.2,0.445,0.0,0.07142857142857142,0.22857142857142856,0.46257326007326005,0.0
909,0.05714285714285714,0.2,0.44817460317460317,0.0,0.07142857142857142,0.24285714285714283,0.4528708791208791,0.0
910,0.05714285714285714,0.2571428571428571,0.33532342657342656,0.0,0.07142857142857142,0.22857142857142856,0.43438242313242303,0.0
911,0.07142857142857142,0.2,0.41301587301587295,0.0,0.07142857142857142,0.21428571428571427,0.4153311965811966,0.0
912,0.04285714285714286,0.27142857142857146,0.3154004329004329,0.0,0.07142857142857142,0.21428571428571427,0.4194978632478632,0.0
913,0.05714285714285714,0.18571428571428572,0.41442460317460317,0.0,0.07142857142857142,0.21428571428571427,0.37574786324786325,0.0
914,0.0857142857142857,0.24285714285714283,0.49111111111111116,0.0,0.07142857142857142,0.22857142857142856,0.43854908979908974,0.0
915,0.04285714285714286,0.2,0.28656926406926403,0.0,0.07142857142857142,0.21428571428571427,0.41295024420024423,0.0
916,0.05714285714285714,0.24285714285714288,0.3896356421356421,0.0,0.07142857142857142,0.21428571428571427,0.4194978632478632,0.0
917,0.07142857142857142,0.2,0.5059220779220779,0.0,0.07142857142857142,0.21428571428571425,0.4800534188034188,0.0
918,0.05714285714285714,0.2,0.3700606060606061,0.0,0.07142857142857142,0.21428571428571427,0.37158119658119654,0.0
919,0.05714285714285714,0.1571428571428571,0.44378787878787873,0.0,0.07142857142857142,0.21428571428571427,0.37158119658119654,0.0
920,0.05714285714285714,0.1571428571428571,0.39333333333333337,0.0,0.07142857142857142,0.21428571428571427,0.4153311965811966,0.0
921,0.04285714285714286,0.1714285714285714,0.31114478114478106,0.0,0.07142857142857142,0.21428571428571427,0.41372405372405374,0.0
922,0.05714285714285714,0.17142857142857143,,0.0,0.07142857142857142,0.19999999999999996,0.4312042124542125,0.0
923,0.05714285714285714,0.2,0.42828282828282827,0.0,0.07142857142857142,0.19999999999999996,0.4312042124542125,0.0
924,0.05714285714285714,0.17142857142857143,0.38242424242424244,0.0,0.07142857142857142,0.25714285714285706,0.42599497724497726,0.0
925,0.07142857142857142,0.21428571428571427,0.49123015873015863,0.0,0.07142857142857142,0.21428571428571425,0.4842200854700855,0.0
926,0.07142857142857142,0.15714285714285714,,0.0,0.07142857142857142,0.19999999999999996,0.3916208791208791,0.0
927,0.05714285714285714,0.18571428571428572,0.40609126984126986,0.0,0.07142857142857142,0.22857142857142856,0.46257326007326005,0.0
928,0.07142857142857142,0.17142857142857143,0.55,0.0,0.07142857142857142,0.21428571428571427,0.4194978632478632,0.0
929,0.07142857142857142,0.22857142857142856,0.40494444444444444,0.0,0.07142857142857142,0.21428571428571427,0.37158119658119654,0.0
930,0.05714285714285714,0.22857142857142856,0.428079365079365,0.0,0.07142857142857142,0.21428571428571427,0.37158119658119654,0.0
931,0.05714285714285714,0.21428571428571427,0.38359126984126984,0.0,0.07142857142857142,0.21428571428571427,0.36997405372405373,0.0
932,0.05714285714285714,0.17142857142857143,0.46775793650793657,0.0,0.07142857142857142,0.25714285714285706,0.42599497724497726,0.0
933,0.05714285714285714,0.2571428571428572,0.487954304954305,0.0,0.07142857142857142,0.21428571428571427,0.37158119658119654,0.0
934,0.05714285714285714,0.2,0.41348595848595854,0.0,0.07142857142857142,0.19999999999999996,0.3858470695970696,0.0
935,0.05714285714285714,0.2571428571428571,0.27218514818514816,0.0,0.07142857142857142,0.22857142857142856,0.4334065934065934,0.0
936,0.05714285714285714,0.2,0.4681746031746032,0.0,0.07142857142857142,0.19999999999999996,0.43537087912087913,0.0
937,0.05714285714285714,0.2857142857142857,0.3405526695526696,0.0,0.07142857142857142,0.21428571428571427,0.37158119658119654,0.0
938,0.05714285714285714,0.27142857142857146,0.3403823953823954,0.0,0.07142857142857142,0.19999999999999998,0.4095573870573871,0.0
939,0.04285714285714286,0.21428571428571425,0.4244393939393939,0.0,0.07142857142857142,0.19999999999999998,0.4178907203907204,0.0
940,0.05714285714285714,0.18571428571428572,0.4996296296296297,0.0,0.07142857142857142,0.21428571428571427,0.4194978632478632,0.0
941,0.04285714285714286,0.19999999999999998,0.29757335257335255,0.0,0.07142857142857142,0.21428571428571427,0.37158119658119654,0.0
942,0.05714285714285714,0.18571428571428572,0.28409451659451657,0.0,0.07142857142857142,0.19999999999999996,0.4312042124542125,0.0
943,0.05714285714285714,0.2571428571428571,0.354215367965368,0.0,0.07142857142857142,0.21428571428571427,0.4194978632478632,0.0
944,0.05714285714285714,0.21428571428571427,0.4385515873015873,0.0,0.07142857142857142,0.24285714285714283,0.4528708791208791,0.0
945,0.07142857142857142,0.2571428571428571,0.37959090909090903,0.0,0.07142857142857142,0.21428571428571427,0.36997405372405373,0.0
946,0.05714285714285714,0.1714285714285714,0.3749074074074074,0.0,0.07142857142857142,0.19999999999999998,0.37414072039072044,0.0
947,0.05714285714285714,0.17142857142857143,0.3856818181818181,0.0,0.07142857142857142,0.21428571428571427,0.4194978632478632,0.0
948,0.04285714285714286,0.24285714285714283,0.3578655603655604,0.0,0.07142857142857142,0.19999999999999996,0.3874542124542124,0.0
949,0.05714285714285714,0.24285714285714288,0.39033309283309287,0.0,0.07142857142857142,0.19999999999999996,0.43537087912087913,0.0
950,0.05714285714285714,0.2571428571428571,0.3724266011766012,0.0,0.07142857142857142,0.19999999999999996,0.3874542124542124,0.0
951,0.07142857142857142,0.2,0.4583028083028083,0.0,0.07142857142857142,0.2285714285714285,0.468743894993895,0.0
952,0.04285714285714286,0.21428571428571427,0.23295815295815295,0.0,0.07142857142857142,0.21428571428571427,0.4194978632478632,0.0
953,0.07142857142857142,0.27142857142857146,0.38697519147519144,0.0,0.07142857142857142,0.21428571428571427,0.4153311965811966,0.0
954,0.04285714285714286,0.1714285714285714,0.3703907203907204,0.0,0.07142857142857142,0.21428571428571427,0.37158119658119654,0.0
955,0.05714285714285714,0.22857142857142856,0.412718253968254,0.0,0.07142857142857142,0.21428571428571427,0.4194978632478632,0.0
956,0.04285714285714286,0.22857142857142856,0.4845526695526695,0.0,0.07142857142857142,0.21428571428571427,0.4153311965811966,0.0
957,0.05714285714285714,0.24285714285714283,0.3826940836940837,0.0,0.07142857142857142,0.22857142857142856,0.4350137362637362,0.0
958,0.04285714285714286,0.2571428571428571,0.319256993006993,0.0,0.07142857142857142,0.21428571428571427,0.4194978632478632,0.0
959,0.05714285714285714,0.17142857142857143,0.41401709401709397,0.0,0.07142857142857142,0.22857142857142856,0.4641804029304029,0.0
960,0.04285714285714286,0.22857142857142856,0.3338253968253968,0.0,0.07142857142857142,0.21428571428571427,0.37158119658119654,0.0
961,0.05714285714285714,0.27142857142857146,0.3965050505050505,0.0,0.07142857142857142,0.22857142857142856,0.4683470695970696,0.0
962,0.05714285714285714,0.1571428571428571,0.35214285714285715,0.0,0.07142857142857142,0.21428571428571427,0.37574786324786325,0.0
963,0.05714285714285714,0.14285714285714285,0.42777777777777776,0.0,0.07142857142857142,0.21428571428571427,0.4153311965811966,0.0
964,0.05714285714285714,0.24285714285714288,0.2946681096681097,0.0,0.07142857142857142,0.21428571428571427,0.41372405372405374,0.0
965,0.07142857142857142,0.2571428571428571,0.40560461760461763,0.0,0.07142857142857142,0.21428571428571427,0.4178907203907204,0.0
966,0.05714285714285714,0.2,0.36714285714285716,0.0,0.07142857142857142,0.21428571428571427,0.37574786324786325,0.0
967,0.07142857142857142,0.2,0.5022222222222222,0.0,0.07142857142857142,0.19999999999999998,0.3658073870573871,0.0
968,0.05714285714285714,0.22857142857142856,0.3806487493987494,0.0,0.07142857142857142,0.21428571428571427,0.37414072039072044,0.0
969,0.04285714285714286,0.24285714285714283,0.2479343711843712,0.0,0.07142857142857142,0.21428571428571427,0.36997405372405373,0.0
970,0.05714285714285714,0.1714285714285714,0.4776984126984128,0.0,0.07142857142857142,0.2428571428571428,0.42783480408480407,0.0
971,0.05714285714285714,0.24285714285714283,0.31614468864468864,0.0,0.07142857142857142,0.22857142857142856,0.46257326007326005,0.0
972,0.05714285714285714,0.2,0.4394444444444444,0.0,0.07142857142857142,0.21428571428571427,0.41372405372405374,0.0
973,0.04285714285714286,0.22857142857142856,0.22619194694194694,0.0,0.07142857142857142,0.21428571428571427,0.37574786324786325,0.0
974,0.05714285714285714,0.17142857142857143,0.53,0.0,0.07142857142857142,0.22857142857142856,0.43694194694194693,0.0
975,0.04285714285714286,0.22857142857142856,0.3548333333333333,0.0,0.07142857142857142,0.21428571428571425,0.4800534188034188,0.0
976,0.04285714285714286,0.21428571428571427,0.30405784030784033,0.0,0.07142857142857142,0.21428571428571427,0.4153311965811966,0.0
977,0.04285714285714286,0.2,0.276060606060606,0.0,0.07142857142857142,0.21428571428571427,0.37158119658119654,0.0
978,0.05714285714285714,0.2,0.3717857142857143,0.0,0.07142857142857142,0.22857142857142856,0.4308470695970696,0.0
979,0.04285714285714286,0.21428571428571425,0.35509976134976134,0.0,0.07142857142857142,0.19999999999999996,0.42959706959706956,0.0
980,0.05714285714285714,0.21428571428571427,0.34275661375661376,0.0,0.07142857142857142,0.21428571428571427,0.41295024420024423,0.0
981,0.05714285714285714,0.24285714285714283,0.4031746031746032,0.0,0.07142857142857142,0.21428571428571427,0.41295024420024423,0.0
982,0.05714285714285714,0.17142857142857143,,0.0,0.07142857142857142,0.21428571428571427,0.36997405372405373,0.0
983,0.04285714285714286,0.2857142857142857,0.3329336219336219,0.0,0.07142857142857142,0.21428571428571427,0.41295024420024423,0.0
984,0.04285714285714286,0.21428571428571427,,0.0,0.07142857142857142,0.24285714285714283,0.441759768009768,0.0
985,0.05714285714285714,0.22857142857142856,0.2523484848484848,0.0,0.07142857142857142,0.19999999999999998,0.4095573870573871,0.0
986,0.05714285714285714,0.17142857142857143,0.5219047619047619,0.0,0.07142857142857142,0.19999999999999996,0.3874542124542124,0.0
987,0.05714285714285714,0.21428571428571427,0.37706349206349205,0.0,0.07142857142857142,0.21428571428571427,0.4194978632478632,0.0
988,0.07142857142857142,0.24285714285714283,0.41035714285714286,0.0,0.07142857142857142,0.2285714285714285,0.45763278388278394,0.0
989,0.05714285714285714,0.2,0.3560912698412698,0.0,0.07142857142857142,0.21428571428571427,0.4178907203907204,0.0
990,0.04285714285714286,0.1857142857142857,0.2586616161616161,0.0,0.07142857142857142,0.22857142857142856,0.4641804029304029,0.0
991,0.05714285714285714,0.1571428571428571,0.3574603174603175,0.0,0.07142857142857142,0.21428571428571427,0.4194978632478632,0.0
992,0.04285714285714286,0.22857142857142856,0.28359640359640353,0.0,0.07142857142857142,0.22857142857142856,0.4308470695970696,0.0
993,0.05714285714285714,0.27142857142857146,0.42725012025012027,0.0,0.07142857142857142,0.21428571428571427,0.41372405372405374,0.0
994,0.07142857142857142,0.17142857142857143,,0.0,0.07142857142857142,0.21428571428571427,0.4194978632478632,0.0
995,0.05714285714285714,0.12857142857142856,,0.0,0.07142857142857142,0.19999999999999996,0.3916208791208791,0.0
996,0.05714285714285714,0.27142857142857146,0.33145238095238094,0.0,0.07142857142857142,0.21428571428571427,0.4153311965811966,0.0
997,0.05714285714285714,0.22857142857142856,0.4325093795093795,0.0,0.07142857142857142,0.21428571428571427,0.4153311965811966,0.0
998,0.05714285714285714,0.24285714285714283,0.3253925241425241,0.0,0.07142857142857142,0.22857142857142856,0.4350137362637362,0.0
999,0.05714285714285714,0.17142857142857143,,0.0,0.07142857142857142,0.19999999999999996,0.3916208791208791,0.0
1000,0.04285714285714286,0.14285714285714285,0.4067857142857143,0.0,0.07142857142857142,0.21428571428571427,0.37574786324786325,0.0
1001,0.04285714285714286,0.2571428571428572,0.3299113756613757,0.0,0.07142857142857142,0.21428571428571427,0.4194978632478632,0.0
1002,0.05714285714285714,0.19999999999999998,0.2820328282828283,0.0,0.07142857142857142,0.21428571428571425,0.4617796092796092,0.0
1003,0.05714285714285714,0.18571428571428572,0.40793484293484295,0.0,0.07142857142857142,0.21428571428571427,0.37158119658119654,0.0
1004,0.05714285714285714,0.22857142857142856,0.33086691086691083,0.0,0.07142857142857142,0.21428571428571427,0.36997405372405373,0.0
1005,0.05714285714285714,0.21428571428571427,0.4227777777777778,0.0,0.07142857142857142,0.21428571428571427,0.4153311965811966,0.0
1006,0.05714285714285714,0.2571428571428571,0.41780158730158734,0.0,0.07142857142857142,0.22857142857142856,0.46257326007326005,0.0
1007,0.05714285714285714,0.24285714285714288,0.35328318903318906,0.0,0.07142857142857142,0.21428571428571427,0.4194978632478632,0.0
1008,0.05714285714285714,0.2,0.38470238095238096,0.0,0.07142857142857142,0.19999999999999996,0.3916208791208791,0.0
1009,0.04285714285714286,0.21428571428571427,0.27308491508491506,0.0,0.07142857142857142,0.21428571428571427,0.41372405372405374,0.0
1010,0.05714285714285714,0.24285714285714283,0.3828809523809523,0.0,0.07142857142857142,0.25714285714285706,0.42599497724497726,0.0
1011,0.04285714285714286,0.1857142857142857,0.40248510748510746,0.0,0.07142857142857142,0.19999999999999998,0.4178907203907204,0.0
1012,0.07142857142857142,0.21428571428571427,0.47078162578162575,0.0,0.07142857142857142,0.21428571428571427,0.4194978632478632,0.0
1013,0.05714285714285714,0.2,0.3366269841269841,0.0,0.07142857142857142,0.19999999999999996,0.3874542124542124,0.0
1014,0.05714285714285714,0.25714285714285706,0.4712794612794613,0.0,0.07142857142857142,0.24285714285714283,0.4528708791208791,0.0
1015,0.07142857142857142,0.2,0.47458333333333336,0.0,0.07142857142857142,0.2428571428571428,0.42206099456099455,0.0
1016,0.05714285714285714,0.22857142857142856,0.44806758056758056,0.0,0.07142857142857142,0.22857142857142856,0.4459065934065934,0.0
1017,0.05714285714285714,0.27142857142857146,0.3550280275280275,0.0,0.07142857142857142,0.21428571428571427,0.4194978632478632,0.0
1018,0.05714285714285714,0.22857142857142856,0.3599801587301587,0.0,0.07142857142857142,0.21428571428571427,0.37158119658119654,0.0
1019,0.05714285714285714,0.2,0.40963675213675216,0.0,0.07142857142857142,0.21428571428571427,0.4178907203907204,0.0
1020,0.04285714285714286,0.22857142857142856,0.3325641025641025,0.0,0.07142857142857142,0.21428571428571427,0.4153311965811966,0.0
1021,0.04285714285714286,0.1571428571428571,0.47861111111111104,0.0,0.07142857142857142,0.21428571428571427,0.37574786324786325,0.0
1022,0.05714285714285714,0.24285714285714283,0.37942376142376144,0.0,0.07142857142857142,0.21428571428571427,0.37574786324786325,0.0
1023,0.04285714285714286,0.21428571428571427,0.4085305435305435,0.0,0.07142857142857142,0.21428571428571427,0.4194978632478632,0.0
1024,0.04285714285714286,0.24285714285714288,0.4203114478114478,0.0,0.07142857142857142,0.21428571428571427,0.37574786324786325,0.0
1025,0.05714285714285714,0.22857142857142856,0.3647115384615384,0.0,0.07142857142857142,0.21428571428571427,0.4153311965811966,0.0
1026,0.05714285714285714,0.21428571428571427,0.32957015207015206,0.0,0.07142857142857142,0.21428571428571427,0.4194978632478632,0.0
1027,0.05714285714285714,0.18571428571428567,0.3262962962962963,0.0,0.07142857142857142,0.22857142857142856,0.4292399267399268,0.0
1028,0.05714285714285714,0.19999999999999996,0.3066402116402117,0.0,0.07142857142857142,0.21428571428571427,0.4153311965811966,0.0
1029,0.04285714285714286,0.27142857142857146,0.3275881433381433,0.0,0.07142857142857142,0.21428571428571427,0.37574786324786325,0.0
1030,0.05714285714285714,0.18571428571428567,0.4275589225589226,0.0,0.07142857142857142,0.21428571428571427,0.37158119658119654,0.0
1031,0.05714285714285714,0.17142857142857143,0.4761111111111111,0.0,0.07142857142857142,0.21428571428571427,0.4153311965811966,0.0
1032,0.05714285714285714,0.21428571428571427,0.33672198172198164,0.0,0.07142857142857142,0.21428571428571427,0.37574786324786325,0.0
1033,0.05714285714285714,0.1571428571428571,,0.0,0.07142857142857142,0.19999999999999996,0.3874542124542124,0.0
1034,0.05714285714285714,0.21428571428571427,0.2858511488511488,0.0,0.07142857142857142,0.21428571428571427,0.37414072039072044,0.0
1035,0.07142857142857142,0.21428571428571427,0.42570818070818073,0.0,0.07142857142857142,0.21428571428571427,0.41295024420024423,0.0
1036,0.05714285714285714,0.2571428571428571,0.38809595959595955,0.0,0.07142857142857142,0.24285714285714283,0.4528708791208791,0.0
1037,0.04285714285714286,0.2571428571428572,0.32268915343915344,0.0,0.07142857142857142,0.24285714285714283,0.4528708791208791,0.0
1038,0.05714285714285714,0.1857142857142857,0.4399567099567099,0.0,0.07142857142857142,0.24285714285714283,0.4528708791208791,0.0
1039,0.07142857142857142,0.21428571428571427,0.42634920634920637,0.0,0.07142857142857142,0.19999999999999996,0.4312042124542125,0.0
1040,0.04285714285714286,0.2571428571428572,0.2858540348540348,0.0,0.07142857142857142,0.22857142857142856,0.4350137362637362,0.0
1041,0.05714285714285714,0.2571428571428571,0.34989249639249637,0.0,0.07142857142857142,0.18571428571428567,0.39001373626373625,0.0
1042,0.04285714285714286,0.1571428571428571,0.3131746031746031,0.0,0.07142857142857142,0.19999999999999998,0.4111645299145299,0.0
1043,0.07142857142857142,0.21428571428571427,0.48706349206349203,0.0,0.07142857142857142,0.19999999999999996,0.4312042124542125,0.0
1044,0.05714285714285714,0.1571428571428571,0.41328282828282825,0.0,0.07142857142857142,0.21428571428571427,0.4153311965811966,0.0
1045,0.05714285714285714,0.14285714285714285,,0.0,0.07142857142857142,0.21428571428571427,0.4153311965811966,0.0
1046,0.05714285714285714,0.15714285714285714,0.425,0.0,0.07142857142857142,0.21428571428571427,0.36997405372405373,0.0
1047,0.04285714285714286,0.1857142857142857,0.39066498316498316,0.0,0.07142857142857142,0.19999999999999998,0.4178907203907204,0.0
1048,0.05714285714285714,0.22857142857142856,0.3003049728049728,0.0,0.07142857142857142,0.22857142857142856,0.46257326007326005,0.0
1049,0.05714285714285714,0.22857142857142856,0.36549603174603174,0.0,0.07142857142857142,0.21428571428571427,0.4194978632478632,0.0
1050,0.07142857142857142,0.22857142857142856,0.49237012987012985,0.0,0.07142857142857142,0.22857142857142856,0.4683470695970696,0.0
1051,0.05714285714285714,0.2857142857142857,0.4162005772005772,0.0,0.07142857142857142,0.21428571428571427,0.4153311965811966,0.0
1052,0.05714285714285714,0.17142857142857143,,0.0,0.07142857142857142,0.22857142857142856,0.4683470695970696,0.0
1053,0.04285714285714286,0.27142857142857146,0.32971616346616345,0.0,0.07142857142857142,0.22857142857142856,0.4683470695970696,0.0
1054,0.04285714285714286,0.1857142857142857,0.2863798701298701,0.0,0.07142857142857142,0.21428571428571427,0.4194978632478632,0.0
1055,0.05714285714285714,0.1714285714285714,0.42456349206349203,0.0,0.07142857142857142,0.21428571428571427,0.4194978632478632,0.0
1056,0.05714285714285714,0.14285714285714285,0.44186868686868686,0.0,0.07142857142857142,0.19999999999999998,0.4178907203907204,0.0
1057,0.05714285714285714,0.2,0.4396626984126984,0.0,0.07142857142857142,0.19999999999999996,0.3858470695970696,0.0
1058,0.04285714285714286,0.22857142857142856,0.4361706349206349,0.0,0.07142857142857142,0.21428571428571427,0.4194978632478632,0.0
1059,0.05714285714285714,0.1714285714285714,0.4143650793650793,0.0,0.07142857142857142,0.19999999999999996,0.42959706959706956,0.0
1060,0.04285714285714286,0.19999999999999998,0.2950595238095238,0.0,0.07142857142857142,0.21428571428571427,0.4153311965811966,0.0
1061,0.05714285714285714,0.18571428571428572,0.4294444444444444,0.0,0.07142857142857142,0.19999999999999996,0.4312042124542125,0.0
1062,0.05714285714285714,0.22857142857142856,0.36694916194916194,0.0,0.07142857142857142,0.21428571428571427,0.37158119658119654,0.0
1063,0.05714285714285714,0.18571428571428572,0.42595238095238097,0.0,0.07142857142857142,0.24285714285714283,0.4528708791208791,0.0
1064,0.07142857142857142,0.2,0.38670033670033666,0.0,0.07142857142857142,0.21428571428571427,0.36997405372405373,0.0
1065,0.05714285714285714,0.1857142857142857,0.38166666666666665,0.0,0.07142857142857142,0.21428571428571427,0.41372405372405374,0.0
1066,0.07142857142857142,0.22857142857142856,0.41841269841269835,0.0,0.07142857142857142,0.21428571428571427,0.36997405372405373,0.0
1067,0.05714285714285714,0.21428571428571427,0.3413095238095239,0.0,0.07142857142857142,0.21428571428571427,0.36920024420024417,0.0
1068,0.05714285714285714,0.21428571428571427,0.48694444444444446,0.0,0.07142857142857142,0.21428571428571427,0.4194978632478632,0.0
1069,0.04285714285714286,0.1571428571428571,0.3107142857142857,0.0,0.07142857142857142,0.21428571428571427,0.37414072039072044,0.0
1070,0.07142857142857142,0.17142857142857143,0.43746031746031744,0.0,0.07142857142857142,0.25714285714285706,0.42599497724497726,0.0
1071,0.05714285714285714,0.22857142857142856,0.2963637751137751,0.0,0.07142857142857142,0.19999999999999996,0.43537087912087913,0.0
1072,0.05714285714285714,0.1857142857142857,0.48317460317460315,0.0,0.07142857142857142,0.22857142857142856,0.4292399267399268,0.0
1073,0.07142857142857142,0.21428571428571427,0.4473015873015873,0.0,0.07142857142857142,0.21428571428571427,0.37574786324786325,0.0
1074,0.05714285714285714,0.2,0.3597619047619048,0.0,0.07142857142857142,0.21428571428571427,0.37158119658119654,0.0
1075,0.04285714285714286,0.22857142857142856,0.387949494949495,0.0,0.07142857142857142,0.19999999999999998,0.4095573870573871,0.0
1076,0.07142857142857142,0.2,0.45499999999999996,0.0,0.07142857142857142,0.21428571428571427,0.37158119658119654,0.0
1077,0.07142857142857142,0.17142857142857143,0.44967032967032966,0.0,0.07142857142857142,0.21428571428571427,0.37158119658119654,0.0
1078,0.07142857142857142,0.18571428571428572,0.42412698412698413,0.0,0.07142857142857142,0.19999999999999998,0.4095573870573871,0.0
1079,0.05714285714285714,0.27142857142857146,0.3710686258186258,0.0,0.07142857142857142,0.21428571428571427,0.37158119658119654,0.0
1080,0.05714285714285714,0.2,0.4160912698412698,0.0,0.07142857142857142,0.22857142857142856,0.4308470695970696,0.0
1081,0.07142857142857142,0.21428571428571427,0.4679166666666667,0.0,0.07142857142857142,0.21428571428571427,0.36997405372405373,0.0
1082,0.04285714285714286,0.21428571428571427,0.3551725589225589,0.0,0.07142857142857142,0.22857142857142856,0.4683470695970696,0.0
1083,0.05714285714285714,0.22857142857142856,0.3680844155844156,0.0,0.07142857142857142,0.25714285714285706,0.42599497724497726,0.0
1084,0.07142857142857142,0.2571428571428571,0.42327140452140455,0.0,0.07142857142857142,0.22857142857142856,0.4308470695970696,0.0
1085,0.05714285714285714,0.2,0.2988095238095238,0.0,0.07142857142857142,0.21428571428571427,0.4153311965811966,0.0
1086,0.05714285714285714,0.1714285714285714,0.38761904761904764,0.0,0.07142857142857142,0.19999999999999996,0.4312042124542125,0.0
1087,0.05714285714285714,0.2571428571428572,0.32156325156325155,0.0,0.07142857142857142,0.21428571428571427,0.37574786324786325,0.0
1088,0.05714285714285714,0.2,0.4160912698412698,0.0,0.07142857142857142,0.2428571428571428,0.42206099456099455,0.0
1089,0.05714285714285714,0.17142857142857143,0.24927489177489176,0.0,0.07142857142857142,0.21428571428571427,0.41372405372405374,0.0
1090,0.05714285714285714,0.19999999999999998,0.41881368631368626,0.0,0.07142857142857142,0.19999999999999996,0.4312042124542125,0.0
1091,0.05714285714285714,0.18571428571428572,,0.0,0.07142857142857142,0.19999999999999996,0.3916208791208791,0.0
1092,0.05714285714285714,0.24285714285714283,0.31646464646464645,0.0,0.07142857142857142,0.21428571428571427,0.37414072039072044,0.0
1093,0.05714285714285714,0.24285714285714288,0.36507625707625707,0.0,0.07142857142857142,0.21428571428571427,0.37158119658119654,0.0
1094,0.05714285714285714,0.24285714285714288,0.45169985569985566,0.0,0.07142857142857142,0.25714285714285706,0.42599497724497726,0.0
1095,0.05714285714285714,0.22857142857142856,0.3564776334776335,0.0,0.07142857142857142,0.19999999999999998,0.4178907203907204,0.0
1096,0.05714285714285714,0.18571428571428572,0.4023412698412699,0.0,0.07142857142857142,0.21428571428571427,0.4194978632478632,0.0
1097,0.05714285714285714,0.1714285714285714,0.41606060606060613,0.0,0.07142857142857142,0.21428571428571427,0.4194978632478632,0.0
1098,0.05714285714285714,0.27142857142857146,0.36331964331964334,0.0,0.07142857142857142,0.21428571428571427,0.37158119658119654,0.0
1099,0.05714285714285714,0.22857142857142856,0.3982600732600733,0.0,0.07142857142857142,0.19999999999999996,0.4312042124542125,0.0
